/*
 *
 * Copyright (c) 2023 Collin Hodge
 * Copyright (c) 2023 The ZMK Contributors
 * SPDX-License-Identifier: MIT
 *
 */

#include <lvgl.h>

#ifndef LV_ATTRIBUTE_MEM_ALIGN
#define LV_ATTRIBUTE_MEM_ALIGN
#endif

#ifndef LV_ATTRIBUTE_IMG_MOO01
#define LV_ATTRIBUTE_IMG_MOO01
#endif

const LV_ATTRIBUTE_MEM_ALIGN LV_ATTRIBUTE_LARGE_CONST LV_ATTRIBUTE_IMG_MOO01 uint8_t moo01_map[] = {
#if CONFIG_NICE_VIEW_WIDGET_INVERTED
  0xff, 0xff, 0xff, 0xff, /*Color of index 0*/
  0x00, 0x00, 0x00, 0xff, /*Color of index 1*/
#else
  0x00, 0x00, 0x00, 0xff, /*Color of index 0*/
  0xff, 0xff, 0xff, 0xff, /*Color of index 1*/
#endif

  0xff, 0xff, 0xff, 0xff, 0xff, 0xff, 0xff, 0xff, 0xf0, 
  0xff, 0xff, 0xff, 0xff, 0xff, 0xff, 0xff, 0xff, 0xf0, 
  0xff, 0xff, 0xff, 0xff, 0xff, 0xff, 0xff, 0xff, 0xf0, 
  0xff, 0xff, 0xff, 0xff, 0xff, 0xff, 0xff, 0xff, 0xf0, 
  0xff, 0xff, 0xff, 0xff, 0xff, 0xff, 0xff, 0xff, 0xf0, 
  0xff, 0xff, 0xff, 0xff, 0xff, 0xff, 0xff, 0xff, 0xf0, 
  0xff, 0xff, 0xff, 0xff, 0xff, 0xff, 0xff, 0xff, 0xf0, 
  0xff, 0xff, 0xff, 0xff, 0xff, 0xff, 0xff, 0xff, 0xf0, 
  0xff, 0xff, 0xff, 0xff, 0xff, 0xff, 0xff, 0xff, 0xf0, 
  0xff, 0xff, 0xff, 0xff, 0xff, 0xff, 0xff, 0xff, 0xf0, 
  0xff, 0xff, 0xff, 0xff, 0xff, 0xff, 0xff, 0xff, 0xf0, 
  0xff, 0xff, 0xff, 0xff, 0xff, 0xff, 0xff, 0xff, 0xf0, 
  0xff, 0xff, 0xff, 0xff, 0xff, 0xff, 0xff, 0xff, 0xf0, 
  0xff, 0xff, 0xff, 0xff, 0xff, 0xff, 0xff, 0xff, 0xf0, 
  0xff, 0xff, 0xff, 0xff, 0xff, 0xff, 0xff, 0xff, 0xf0, 
  0xff, 0xff, 0xff, 0xff, 0xff, 0xff, 0xff, 0xff, 0xf0, 
  0xff, 0xff, 0xff, 0xff, 0xff, 0xff, 0xff, 0xff, 0xf0, 
  0xff, 0xff, 0xff, 0xff, 0xff, 0xff, 0xff, 0xff, 0xf0, 
  0xff, 0xff, 0xff, 0xff, 0xff, 0xff, 0xff, 0xff, 0xf0, 
  0xff, 0xff, 0xff, 0xff, 0xff, 0xff, 0xff, 0xff, 0xf0, 
  0xff, 0xff, 0xff, 0xff, 0xff, 0xff, 0xff, 0xff, 0xf0, 
  0xff, 0xff, 0xff, 0xff, 0xff, 0xff, 0xff, 0xff, 0xf0, 
  0xff, 0xff, 0xff, 0xff, 0xff, 0xff, 0xff, 0xff, 0xf0, 
  0xff, 0xff, 0xff, 0xff, 0xff, 0xff, 0xff, 0xff, 0xf0, 
  0xff, 0xff, 0xff, 0xff, 0xff, 0xff, 0xff, 0xff, 0xf0, 
  0xff, 0xff, 0xff, 0xff, 0xff, 0xff, 0xff, 0xff, 0xf0, 
  0xff, 0xff, 0xff, 0xff, 0xff, 0xff, 0xff, 0xff, 0xf0, 
  0xff, 0xff, 0xff, 0xff, 0xff, 0xff, 0xff, 0xff, 0xf0, 
  0xff, 0xff, 0xff, 0xff, 0xff, 0xff, 0xff, 0xff, 0xf0, 
  0xff, 0xff, 0xff, 0xff, 0xff, 0xff, 0xff, 0xff, 0xf0, 
  0xff, 0xff, 0xff, 0xff, 0xff, 0xff, 0xff, 0xff, 0xf0, 
  0xff, 0xff, 0xff, 0xff, 0xff, 0xff, 0xff, 0xff, 0xf0, 
  0xff, 0xff, 0xff, 0xff, 0xff, 0xff, 0xff, 0xff, 0xf0, 
  0xff, 0xff, 0xff, 0xff, 0xff, 0xff, 0xff, 0xff, 0xf0, 
  0xff, 0xff, 0xff, 0xff, 0xff, 0xff, 0xff, 0xff, 0xf0, 
  0xff, 0xff, 0xff, 0xff, 0xff, 0xff, 0xff, 0xff, 0xf0, 
  0xff, 0xff, 0xff, 0xff, 0xff, 0xff, 0xff, 0xff, 0xf0, 
  0xff, 0xff, 0xff, 0xff, 0xff, 0xff, 0xff, 0xff, 0xf0, 
  0xff, 0xff, 0xff, 0xff, 0xff, 0xff, 0xff, 0xff, 0xf0, 
  0xff, 0xff, 0xff, 0xff, 0xff, 0xff, 0xff, 0xff, 0xf0, 
  0xff, 0xff, 0xff, 0xff, 0xff, 0xff, 0xff, 0xff, 0xf0, 
  0xff, 0xff, 0xff, 0xff, 0xff, 0xff, 0xff, 0xff, 0xf0, 
  0xff, 0xff, 0xff, 0xff, 0xff, 0xff, 0xff, 0xff, 0xf0, 
  0xff, 0xff, 0xff, 0xff, 0xff, 0xff, 0xff, 0xff, 0xf0, 
  0xff, 0xff, 0xff, 0xff, 0xff, 0xff, 0xff, 0xff, 0xf0, 
  0xff, 0xff, 0xff, 0xff, 0xff, 0xff, 0xff, 0xff, 0xf0, 
  0xff, 0xff, 0xff, 0xff, 0xff, 0xff, 0xff, 0xff, 0xf0, 
  0xff, 0xff, 0xff, 0xff, 0xff, 0xff, 0xff, 0xff, 0xf0, 
  0xff, 0xff, 0xff, 0xff, 0xff, 0xff, 0xff, 0xff, 0xf0, 
  0xff, 0xff, 0xff, 0xff, 0xff, 0xff, 0xff, 0xff, 0xf0, 
  0xff, 0xff, 0xff, 0xff, 0xff, 0xff, 0xff, 0xff, 0xf0, 
  0xff, 0xff, 0xff, 0xff, 0xff, 0xff, 0xff, 0xff, 0xf0, 
  0xff, 0xff, 0xff, 0xff, 0xff, 0xff, 0xff, 0xff, 0xf0, 
  0xff, 0xff, 0xff, 0xff, 0xff, 0xff, 0xff, 0xff, 0xf0, 
  0xff, 0xff, 0xff, 0xff, 0xff, 0xff, 0xff, 0xff, 0xf0, 
  0xff, 0xff, 0xff, 0xff, 0xff, 0xff, 0xff, 0xff, 0xf0, 
  0xff, 0xff, 0xff, 0xff, 0xff, 0xff, 0xff, 0xff, 0xf0, 
  0xff, 0xff, 0xff, 0xff, 0xff, 0xff, 0xff, 0xff, 0xf0, 
  0xff, 0xff, 0xff, 0xff, 0xff, 0xff, 0xff, 0xff, 0xf0, 
  0xff, 0xff, 0xff, 0xff, 0xff, 0xff, 0xff, 0xff, 0xf0, 
  0xff, 0xff, 0xff, 0xff, 0xff, 0xff, 0xff, 0xff, 0xf0, 
  0xff, 0xff, 0xff, 0xff, 0xff, 0xff, 0xff, 0xff, 0xf0, 
  0xff, 0xff, 0xff, 0xff, 0xff, 0xff, 0xff, 0xff, 0xf0, 
  0xff, 0xff, 0xff, 0xff, 0xff, 0xff, 0xff, 0xff, 0xf0, 
  0xff, 0xff, 0xff, 0xff, 0xff, 0xff, 0xff, 0xff, 0xf0, 
  0xff, 0xff, 0xff, 0xff, 0xff, 0xfc, 0x0f, 0xff, 0xf0, 
  0xff, 0xff, 0xff, 0xff, 0xff, 0xf3, 0xf3, 0xff, 0xf0, 
  0xff, 0xff, 0xff, 0xff, 0xff, 0xef, 0xfd, 0xff, 0xf0, 
  0xff, 0xff, 0xff, 0xff, 0xff, 0xdf, 0xfe, 0xff, 0xf0, 
  0xff, 0xff, 0xff, 0xff, 0xff, 0xb3, 0xf3, 0x7f, 0xf0, 
  0xff, 0xff, 0xff, 0xff, 0xff, 0x6d, 0xed, 0xbf, 0xf0, 
  0xff, 0xff, 0xff, 0xff, 0xff, 0x6d, 0xed, 0xbf, 0xf0, 
  0xff, 0xff, 0xff, 0xff, 0xfe, 0xe9, 0xe9, 0xdf, 0xf0, 
  0xff, 0xff, 0xff, 0xff, 0xfe, 0xf3, 0xf3, 0xdf, 0xf0, 
  0xff, 0xff, 0xff, 0xff, 0xfe, 0xff, 0xff, 0xdf, 0xf0, 
  0xff, 0xff, 0xff, 0xff, 0xfe, 0xff, 0xff, 0xdf, 0xf0, 
  0xff, 0xff, 0xff, 0xff, 0xff, 0x7f, 0xff, 0xbf, 0xf0, 
  0xff, 0xff, 0xff, 0xff, 0xff, 0x7f, 0xff, 0xbf, 0xf0, 
  0xff, 0xff, 0xff, 0xff, 0xff, 0xbf, 0x07, 0x7f, 0xf0, 
  0xff, 0xff, 0xff, 0xff, 0xff, 0x9f, 0xfe, 0xff, 0xf0, 
  0xff, 0xff, 0xff, 0xff, 0xff, 0x0f, 0xfd, 0xff, 0xf0, 
  0xff, 0xff, 0xff, 0xff, 0xfe, 0x33, 0xf3, 0xff, 0xf0, 
  0xff, 0xff, 0xff, 0xff, 0xfc, 0x7c, 0x0f, 0xff, 0xf0, 
  0xff, 0xff, 0xff, 0xff, 0xf8, 0xff, 0xff, 0xff, 0xf0, 
  0xff, 0xff, 0xff, 0xfc, 0x01, 0xff, 0xff, 0xff, 0xf0, 
  0xff, 0xff, 0xff, 0xe3, 0xe0, 0x7f, 0xff, 0xff, 0xf0, 
  0xff, 0xff, 0xff, 0x9f, 0xc7, 0x9f, 0xff, 0xff, 0xf0, 
  0xff, 0xff, 0xff, 0x7f, 0x8f, 0xef, 0xff, 0xff, 0xf0, 
  0xff, 0xff, 0xfe, 0xff, 0x9f, 0xf7, 0xff, 0xff, 0xf0, 
  0xff, 0xff, 0xf9, 0xff, 0xff, 0xf9, 0xff, 0xff, 0xf0, 
  0xff, 0xff, 0xf7, 0xff, 0xff, 0xfe, 0xff, 0xff, 0xf0, 
  0xff, 0xff, 0xf7, 0xff, 0xff, 0xfe, 0xff, 0xff, 0xf0, 
  0xff, 0xff, 0xef, 0xff, 0xff, 0xff, 0x7f, 0xff, 0xf0, 
  0xff, 0xff, 0xdf, 0xff, 0xff, 0xff, 0xbf, 0xff, 0xf0, 
  0xff, 0xff, 0xdf, 0xff, 0xff, 0xff, 0xbf, 0xff, 0xf0, 
  0xff, 0xff, 0xbf, 0xff, 0xff, 0xff, 0xdf, 0xff, 0xf0, 
  0xff, 0xff, 0xbf, 0xff, 0xff, 0xff, 0xdf, 0xff, 0xf0, 
  0xff, 0xff, 0x7f, 0xff, 0xff, 0xff, 0xef, 0xff, 0xf0, 
  0xff, 0xff, 0x7f, 0xff, 0xff, 0xff, 0xef, 0xff, 0xf0, 
  0xff, 0xff, 0x7f, 0xff, 0xff, 0xff, 0xef, 0xff, 0xf0, 
  0xff, 0xfe, 0xff, 0xff, 0xff, 0xff, 0xf7, 0xff, 0xf0, 
  0xff, 0xfe, 0xfe, 0xff, 0xff, 0xf7, 0xf7, 0xff, 0xf0, 
  0xff, 0xfe, 0xfe, 0xff, 0xff, 0xf7, 0xf7, 0xff, 0xf0, 
  0xff, 0xfe, 0xff, 0x7f, 0xff, 0xef, 0xf7, 0xff, 0xf0, 
  0xff, 0xfe, 0xff, 0x7f, 0xff, 0xef, 0xf7, 0xff, 0xf0, 
  0xff, 0xfe, 0xff, 0xbf, 0xff, 0xdf, 0xf7, 0xff, 0xf0, 
  0xff, 0xfe, 0xff, 0xbf, 0xff, 0xdf, 0xf7, 0xff, 0xf0, 
  0xff, 0xfe, 0xff, 0xbf, 0xff, 0xdf, 0xf7, 0xff, 0xf0, 
  0xff, 0xff, 0x7f, 0xdf, 0xff, 0xbf, 0xef, 0xff, 0xf0, 
  0xff, 0xff, 0x7f, 0xdf, 0xff, 0xbf, 0xef, 0xff, 0xf0, 
  0xff, 0xff, 0x7f, 0xef, 0xff, 0x7f, 0xef, 0xff, 0xf0, 
  0xff, 0xff, 0xbf, 0xef, 0xff, 0x7f, 0xdf, 0xff, 0xf0, 
  0xff, 0xff, 0xbf, 0xff, 0xff, 0xff, 0xdf, 0xff, 0xf0, 
  0xff, 0xff, 0xdf, 0xff, 0xff, 0xff, 0xbf, 0xff, 0xf0, 
  0xff, 0xff, 0xdf, 0xff, 0xff, 0xff, 0xbf, 0xff, 0xf0, 
  0xff, 0xff, 0xef, 0xff, 0xff, 0xff, 0x7f, 0xff, 0xf0, 
  0xff, 0xff, 0xf7, 0xff, 0xff, 0xfe, 0xff, 0xff, 0xf0, 
  0xff, 0xff, 0xf7, 0xff, 0xff, 0xfe, 0xff, 0xff, 0xf0, 
  0xff, 0xff, 0xf9, 0xff, 0xff, 0xf9, 0xff, 0xff, 0xf0, 
  0xff, 0xff, 0xfe, 0xff, 0xff, 0xf7, 0xff, 0xff, 0xf0, 
  0xff, 0xff, 0xff, 0x67, 0xfe, 0x6f, 0xff, 0xff, 0xf0, 
  0xff, 0xff, 0xff, 0x9f, 0xff, 0x9f, 0xff, 0xff, 0xf0, 
  0xff, 0xff, 0xfe, 0x63, 0xfc, 0x67, 0xff, 0xff, 0xf0, 
  0xff, 0xff, 0xf1, 0xfc, 0x03, 0xf8, 0xff, 0xff, 0xf0, 
  0xff, 0xff, 0xcf, 0xff, 0xff, 0xff, 0x3f, 0xff, 0xf0, 
  0xff, 0xff, 0x3f, 0xff, 0xff, 0xff, 0xcf, 0xff, 0xf0, 
  0xff, 0xff, 0xff, 0xff, 0xff, 0xff, 0xff, 0xff, 0xf0, 
  0xff, 0xff, 0xff, 0xff, 0xff, 0xff, 0xff, 0xff, 0xf0, 
  0xff, 0xff, 0xff, 0xff, 0xff, 0xff, 0xff, 0xff, 0xf0, 
  0xff, 0xff, 0xff, 0xff, 0xff, 0xff, 0xff, 0xff, 0xf0, 
  0xff, 0xff, 0xff, 0xff, 0xff, 0xff, 0xff, 0xff, 0xf0, 
  0xff, 0xff, 0xff, 0xff, 0xff, 0xff, 0xff, 0xff, 0xf0, 
  0xff, 0xff, 0xff, 0xff, 0xff, 0xff, 0xff, 0xff, 0xf0, 
  0xff, 0xff, 0xff, 0xff, 0xff, 0xff, 0xff, 0xff, 0xf0, 
  0xff, 0xff, 0xff, 0xff, 0xff, 0xff, 0xff, 0xff, 0xf0, 
  0xff, 0xff, 0xff, 0xff, 0xff, 0xff, 0xff, 0xff, 0xf0, 
  0xff, 0xff, 0xff, 0xff, 0xff, 0xff, 0xff, 0xff, 0xf0, 
  0xff, 0xff, 0xff, 0xff, 0xff, 0xff, 0xff, 0xff, 0xf0, 
  0xff, 0xff, 0xff, 0xff, 0xff, 0xff, 0xff, 0xff, 0xf0, 
  0xff, 0xff, 0xff, 0xff, 0xff, 0xff, 0xff, 0xff, 0xf0, 
};

const lv_img_dsc_t moo01 = {
  .header.cf = LV_IMG_CF_INDEXED_1BIT,
  .header.always_zero = 0,
  .header.reserved = 0,
  .header.w = 68,
  .header.h = 140,
  .data_size = 1268,
  .data = moo01_map,
};

#ifndef LV_ATTRIBUTE_IMG_MOO02
#define LV_ATTRIBUTE_IMG_MOO02
#endif

const LV_ATTRIBUTE_MEM_ALIGN LV_ATTRIBUTE_LARGE_CONST LV_ATTRIBUTE_IMG_MOO02 uint8_t moo02_map[] = {
#if CONFIG_NICE_VIEW_WIDGET_INVERTED
  0xff, 0xff, 0xff, 0xff, /*Color of index 0*/
  0x00, 0x00, 0x00, 0xff, /*Color of index 1*/
#else
  0x00, 0x00, 0x00, 0xff, /*Color of index 0*/
  0xff, 0xff, 0xff, 0xff, /*Color of index 1*/
#endif

  0xff, 0xff, 0xff, 0xff, 0xff, 0xff, 0xff, 0xff, 0xf0, 
  0xff, 0xff, 0xff, 0xff, 0xff, 0xff, 0xff, 0xff, 0xf0, 
  0xff, 0xff, 0xff, 0xff, 0xff, 0xff, 0xff, 0xff, 0xf0, 
  0xff, 0xff, 0xff, 0xff, 0xff, 0xff, 0xff, 0xff, 0xf0, 
  0xff, 0xff, 0xff, 0xff, 0xff, 0xff, 0xff, 0xff, 0xf0, 
  0xff, 0xff, 0xff, 0xff, 0xff, 0xff, 0xff, 0xff, 0xf0, 
  0xff, 0xff, 0xff, 0xff, 0xff, 0xff, 0xff, 0xff, 0xf0, 
  0xff, 0xff, 0xff, 0xff, 0xff, 0xff, 0xff, 0xff, 0xf0, 
  0xff, 0xff, 0xff, 0xff, 0xff, 0xff, 0xff, 0xff, 0xf0, 
  0xff, 0xff, 0xff, 0xff, 0xff, 0xff, 0xff, 0xff, 0xf0, 
  0xff, 0xff, 0xff, 0xff, 0xff, 0xff, 0xff, 0xff, 0xf0, 
  0xff, 0xff, 0xff, 0xff, 0xff, 0xff, 0xff, 0xff, 0xf0, 
  0xff, 0xff, 0xff, 0xff, 0xff, 0xff, 0xff, 0xff, 0xf0, 
  0xff, 0xff, 0xff, 0xff, 0xff, 0xff, 0xff, 0xff, 0xf0, 
  0xff, 0xff, 0xff, 0xff, 0xff, 0xff, 0xff, 0xff, 0xf0, 
  0xff, 0xff, 0xff, 0xff, 0xff, 0xff, 0xff, 0xff, 0xf0, 
  0xff, 0xff, 0xff, 0xff, 0xff, 0xff, 0xff, 0xff, 0xf0, 
  0xff, 0xff, 0xff, 0xff, 0xff, 0xff, 0xff, 0xff, 0xf0, 
  0xff, 0xff, 0xff, 0xff, 0xff, 0xff, 0xff, 0xff, 0xf0, 
  0xff, 0xff, 0xff, 0xff, 0xff, 0xff, 0xff, 0xff, 0xf0, 
  0xff, 0xff, 0xff, 0xff, 0xff, 0xff, 0xff, 0xff, 0xf0, 
  0xff, 0xff, 0xff, 0xff, 0xff, 0xff, 0xff, 0xff, 0xf0, 
  0xff, 0xff, 0xff, 0xff, 0xff, 0xff, 0xff, 0xff, 0xf0, 
  0xff, 0xff, 0xff, 0xff, 0xff, 0xff, 0xff, 0xff, 0xf0, 
  0xff, 0xff, 0xff, 0xff, 0xff, 0xff, 0xff, 0xff, 0xf0, 
  0xff, 0xff, 0xff, 0xff, 0xff, 0xff, 0xff, 0xff, 0xf0, 
  0xff, 0xff, 0xff, 0xff, 0xff, 0xff, 0xff, 0xff, 0xf0, 
  0xff, 0xff, 0xff, 0xff, 0xff, 0xff, 0xff, 0xff, 0xf0, 
  0xff, 0xff, 0xff, 0xff, 0xff, 0xff, 0xff, 0xff, 0xf0, 
  0xff, 0xff, 0xff, 0xff, 0xff, 0xff, 0xff, 0xff, 0xf0, 
  0xff, 0xff, 0xff, 0xff, 0xff, 0xff, 0xff, 0xff, 0xf0, 
  0xff, 0xff, 0xff, 0xff, 0xff, 0xff, 0xff, 0xff, 0xf0, 
  0xff, 0xff, 0xff, 0xff, 0xff, 0xff, 0xff, 0xff, 0xf0, 
  0xff, 0xff, 0xff, 0xff, 0xff, 0xff, 0xff, 0xff, 0xf0, 
  0xff, 0xff, 0xff, 0xff, 0xff, 0xff, 0xff, 0xff, 0xf0, 
  0xff, 0xff, 0xff, 0xff, 0xff, 0xff, 0xff, 0xff, 0xf0, 
  0xff, 0xff, 0xff, 0xff, 0xff, 0xff, 0xff, 0xff, 0xf0, 
  0xff, 0xff, 0xff, 0xff, 0xff, 0xff, 0xff, 0xff, 0xf0, 
  0xff, 0xff, 0xff, 0xff, 0xff, 0xff, 0xff, 0xff, 0xf0, 
  0xff, 0xff, 0xff, 0xff, 0xff, 0xff, 0xff, 0xff, 0xf0, 
  0xff, 0xff, 0xff, 0xff, 0xff, 0xff, 0xff, 0xff, 0xf0, 
  0xff, 0xff, 0xff, 0xff, 0xff, 0xff, 0xff, 0xff, 0xf0, 
  0xff, 0xff, 0xff, 0xff, 0xff, 0xff, 0xff, 0xff, 0xf0, 
  0xff, 0xff, 0xff, 0xff, 0xff, 0xff, 0xff, 0xff, 0xf0, 
  0xff, 0xff, 0xff, 0xff, 0xff, 0xff, 0xff, 0xff, 0xf0, 
  0xff, 0xff, 0xff, 0xff, 0xff, 0xff, 0xff, 0xff, 0xf0, 
  0xff, 0xff, 0xff, 0xff, 0xff, 0xff, 0xff, 0xff, 0xf0, 
  0xff, 0xff, 0xff, 0xff, 0xff, 0xff, 0xff, 0xff, 0xf0, 
  0xff, 0xff, 0xff, 0xff, 0xff, 0xff, 0xff, 0xff, 0xf0, 
  0xff, 0xff, 0xff, 0xff, 0xff, 0xff, 0xff, 0xff, 0xf0, 
  0xff, 0xff, 0xff, 0xff, 0xff, 0xff, 0xff, 0xff, 0xf0, 
  0xff, 0xff, 0xff, 0xff, 0xff, 0xff, 0xff, 0xff, 0xf0, 
  0xff, 0xff, 0xff, 0xff, 0xff, 0xff, 0xff, 0xff, 0xf0, 
  0xff, 0xff, 0xff, 0xff, 0xff, 0xff, 0xff, 0xff, 0xf0, 
  0xff, 0xff, 0xff, 0xff, 0xff, 0xff, 0xff, 0xff, 0xf0, 
  0xff, 0xff, 0xff, 0xff, 0xff, 0xff, 0xff, 0xff, 0xf0, 
  0xff, 0xff, 0xff, 0xff, 0xff, 0xff, 0xff, 0xff, 0xf0, 
  0xff, 0xff, 0xff, 0xff, 0xff, 0xff, 0xff, 0xff, 0xf0, 
  0xff, 0xff, 0xff, 0xff, 0xff, 0xff, 0xff, 0xff, 0xf0, 
  0xff, 0xff, 0xff, 0xff, 0xff, 0xff, 0xff, 0xff, 0xf0, 
  0xff, 0xff, 0xff, 0xff, 0xff, 0xcf, 0xff, 0xff, 0xf0, 
  0xff, 0xff, 0xff, 0xff, 0xff, 0xb7, 0xff, 0xff, 0xf0, 
  0xff, 0xff, 0xff, 0xff, 0xff, 0xb7, 0xff, 0xff, 0xf0, 
  0xff, 0xff, 0xff, 0xff, 0xff, 0xcf, 0xff, 0xff, 0xf0, 
  0xff, 0xff, 0xff, 0xff, 0xff, 0xff, 0xff, 0xff, 0xf0, 
  0xff, 0xff, 0xff, 0xff, 0xff, 0xfc, 0x0f, 0xff, 0xf0, 
  0xff, 0xff, 0xff, 0xff, 0xff, 0xf3, 0xf3, 0xff, 0xf0, 
  0xff, 0xff, 0xff, 0xff, 0xff, 0xef, 0xfd, 0xff, 0xf0, 
  0xff, 0xff, 0xff, 0xff, 0xff, 0xdf, 0xfe, 0xff, 0xf0, 
  0xff, 0xff, 0xff, 0xff, 0xff, 0xb3, 0xf3, 0x7f, 0xf0, 
  0xff, 0xff, 0xff, 0xff, 0xff, 0x6d, 0xed, 0xbf, 0xf0, 
  0xff, 0xff, 0xff, 0xff, 0xff, 0x6d, 0xed, 0xbf, 0xf0, 
  0xff, 0xff, 0xff, 0xff, 0xfe, 0xe9, 0xe9, 0xdf, 0xf0, 
  0xff, 0xff, 0xff, 0xff, 0xfe, 0xf3, 0xf3, 0xdf, 0xf0, 
  0xff, 0xff, 0xff, 0xff, 0xfe, 0xff, 0xff, 0xdf, 0xf0, 
  0xff, 0xff, 0xff, 0xff, 0xfe, 0xff, 0xff, 0xdf, 0xf0, 
  0xff, 0xff, 0xff, 0xff, 0xff, 0x7f, 0xff, 0xbf, 0xf0, 
  0xff, 0xff, 0xff, 0xff, 0xff, 0x7f, 0xff, 0xbf, 0xf0, 
  0xff, 0xff, 0xff, 0xff, 0xff, 0xbf, 0x07, 0x7f, 0xf0, 
  0xff, 0xff, 0xff, 0xff, 0xff, 0x9f, 0xfe, 0xff, 0xf0, 
  0xff, 0xff, 0xff, 0xff, 0xff, 0x0f, 0xfd, 0xff, 0xf0, 
  0xff, 0xff, 0xff, 0xff, 0xfe, 0x33, 0xf3, 0xff, 0xf0, 
  0xff, 0xff, 0xff, 0xff, 0xfc, 0x7c, 0x0f, 0xff, 0xf0, 
  0xff, 0xff, 0xff, 0xff, 0xf8, 0xff, 0xff, 0xff, 0xf0, 
  0xff, 0xff, 0xff, 0xfc, 0x01, 0xff, 0xff, 0xff, 0xf0, 
  0xff, 0xff, 0xff, 0xe3, 0xe0, 0x7f, 0xff, 0xff, 0xf0, 
  0xff, 0xff, 0xff, 0x9f, 0xc7, 0x9f, 0xff, 0xff, 0xf0, 
  0xff, 0xff, 0xff, 0x7f, 0x8f, 0xef, 0xff, 0xff, 0xf0, 
  0xff, 0xff, 0xfe, 0xff, 0x9f, 0xf7, 0xff, 0xff, 0xf0, 
  0xff, 0xff, 0xf9, 0xff, 0xff, 0xf9, 0xff, 0xff, 0xf0, 
  0xff, 0xff, 0xf7, 0xff, 0xff, 0xfe, 0xff, 0xff, 0xf0, 
  0xff, 0xff, 0xf7, 0xff, 0xff, 0xfe, 0xff, 0xff, 0xf0, 
  0xff, 0xff, 0xef, 0xff, 0xff, 0xff, 0x7f, 0xff, 0xf0, 
  0xff, 0xff, 0xdf, 0xff, 0xff, 0xff, 0xbf, 0xff, 0xf0, 
  0xff, 0xff, 0xdf, 0xff, 0xff, 0xff, 0xbf, 0xff, 0xf0, 
  0xff, 0xff, 0xbf, 0xff, 0xff, 0xff, 0xdf, 0xff, 0xf0, 
  0xff, 0xff, 0xbf, 0xff, 0xff, 0xff, 0xdf, 0xff, 0xf0, 
  0xff, 0xff, 0x7f, 0xff, 0xff, 0xff, 0xef, 0xff, 0xf0, 
  0xff, 0xff, 0x7f, 0xff, 0xff, 0xff, 0xef, 0xff, 0xf0, 
  0xff, 0xff, 0x7f, 0xff, 0xff, 0xff, 0xef, 0xff, 0xf0, 
  0xff, 0xfe, 0xff, 0xff, 0xff, 0xff, 0xf7, 0xff, 0xf0, 
  0xff, 0xfe, 0xfe, 0xff, 0xff, 0xf7, 0xf7, 0xff, 0xf0, 
  0xff, 0xfe, 0xfe, 0xff, 0xff, 0xf7, 0xf7, 0xff, 0xf0, 
  0xff, 0xfe, 0xff, 0x7f, 0xff, 0xef, 0xf7, 0xff, 0xf0, 
  0xff, 0xfe, 0xff, 0x7f, 0xff, 0xef, 0xf7, 0xff, 0xf0, 
  0xff, 0xfe, 0xff, 0xbf, 0xff, 0xdf, 0xf7, 0xff, 0xf0, 
  0xff, 0xfe, 0xff, 0xbf, 0xff, 0xdf, 0xf7, 0xff, 0xf0, 
  0xff, 0xfe, 0xff, 0xbf, 0xff, 0xdf, 0xf7, 0xff, 0xf0, 
  0xff, 0xff, 0x7f, 0xdf, 0xff, 0xbf, 0xef, 0xff, 0xf0, 
  0xff, 0xff, 0x7f, 0xdf, 0xff, 0xbf, 0xef, 0xff, 0xf0, 
  0xff, 0xff, 0x7f, 0xef, 0xff, 0x7f, 0xef, 0xff, 0xf0, 
  0xff, 0xff, 0xbf, 0xef, 0xff, 0x7f, 0xdf, 0xff, 0xf0, 
  0xff, 0xff, 0xbf, 0xff, 0xff, 0xff, 0xdf, 0xff, 0xf0, 
  0xff, 0xff, 0xdf, 0xff, 0xff, 0xff, 0xbf, 0xff, 0xf0, 
  0xff, 0xff, 0xdf, 0xff, 0xff, 0xff, 0xbf, 0xff, 0xf0, 
  0xff, 0xff, 0xef, 0xff, 0xff, 0xff, 0x7f, 0xff, 0xf0, 
  0xff, 0xff, 0xf7, 0xff, 0xff, 0xfe, 0xff, 0xff, 0xf0, 
  0xff, 0xff, 0xf7, 0xff, 0xff, 0xfe, 0xff, 0xff, 0xf0, 
  0xff, 0xff, 0xf9, 0xff, 0xff, 0xf9, 0xff, 0xff, 0xf0, 
  0xff, 0xff, 0xfe, 0xff, 0xff, 0xf7, 0xff, 0xff, 0xf0, 
  0xff, 0xff, 0xff, 0x67, 0xfe, 0x6f, 0xff, 0xff, 0xf0, 
  0xff, 0xff, 0xff, 0x9f, 0xff, 0x9f, 0xff, 0xff, 0xf0, 
  0xff, 0xff, 0xfe, 0x63, 0xfc, 0x67, 0xff, 0xff, 0xf0, 
  0xff, 0xff, 0xf1, 0xfc, 0x03, 0xf8, 0xff, 0xff, 0xf0, 
  0xff, 0xff, 0xcf, 0xff, 0xff, 0xff, 0x3f, 0xff, 0xf0, 
  0xff, 0xff, 0x3f, 0xff, 0xff, 0xff, 0xcf, 0xff, 0xf0, 
  0xff, 0xff, 0xff, 0xff, 0xff, 0xff, 0xff, 0xff, 0xf0, 
  0xff, 0xff, 0xff, 0xff, 0xff, 0xff, 0xff, 0xff, 0xf0, 
  0xff, 0xff, 0xff, 0xff, 0xff, 0xff, 0xff, 0xff, 0xf0, 
  0xff, 0xff, 0xff, 0xff, 0xff, 0xff, 0xff, 0xff, 0xf0, 
  0xff, 0xff, 0xff, 0xff, 0xff, 0xff, 0xff, 0xff, 0xf0, 
  0xff, 0xff, 0xff, 0xff, 0xff, 0xff, 0xff, 0xff, 0xf0, 
  0xff, 0xff, 0xff, 0xff, 0xff, 0xff, 0xff, 0xff, 0xf0, 
  0xff, 0xff, 0xff, 0xff, 0xff, 0xff, 0xff, 0xff, 0xf0, 
  0xff, 0xff, 0xff, 0xff, 0xff, 0xff, 0xff, 0xff, 0xf0, 
  0xff, 0xff, 0xff, 0xff, 0xff, 0xff, 0xff, 0xff, 0xf0, 
  0xff, 0xff, 0xff, 0xff, 0xff, 0xff, 0xff, 0xff, 0xf0, 
  0xff, 0xff, 0xff, 0xff, 0xff, 0xff, 0xff, 0xff, 0xf0, 
  0xff, 0xff, 0xff, 0xff, 0xff, 0xff, 0xff, 0xff, 0xf0, 
  0xff, 0xff, 0xff, 0xff, 0xff, 0xff, 0xff, 0xff, 0xf0, 
};

const lv_img_dsc_t moo02 = {
  .header.cf = LV_IMG_CF_INDEXED_1BIT,
  .header.always_zero = 0,
  .header.reserved = 0,
  .header.w = 68,
  .header.h = 140,
  .data_size = 1268,
  .data = moo02_map,
};

#ifndef LV_ATTRIBUTE_IMG_MOO03
#define LV_ATTRIBUTE_IMG_MOO03
#endif

const LV_ATTRIBUTE_MEM_ALIGN LV_ATTRIBUTE_LARGE_CONST LV_ATTRIBUTE_IMG_MOO03 uint8_t moo03_map[] = {
#if CONFIG_NICE_VIEW_WIDGET_INVERTED
  0xff, 0xff, 0xff, 0xff, /*Color of index 0*/
  0x00, 0x00, 0x00, 0xff, /*Color of index 1*/
#else
  0x00, 0x00, 0x00, 0xff, /*Color of index 0*/
  0xff, 0xff, 0xff, 0xff, /*Color of index 1*/
#endif

  0xff, 0xff, 0xff, 0xff, 0xff, 0xff, 0xff, 0xff, 0xf0, 
  0xff, 0xff, 0xff, 0xff, 0xff, 0xff, 0xff, 0xff, 0xf0, 
  0xff, 0xff, 0xff, 0xff, 0xff, 0xff, 0xff, 0xff, 0xf0, 
  0xff, 0xff, 0xff, 0xff, 0xff, 0xff, 0xff, 0xff, 0xf0, 
  0xff, 0xff, 0xff, 0xff, 0xff, 0xff, 0xff, 0xff, 0xf0, 
  0xff, 0xff, 0xff, 0xff, 0xff, 0xff, 0xff, 0xff, 0xf0, 
  0xff, 0xff, 0xff, 0xff, 0xff, 0xff, 0xff, 0xff, 0xf0, 
  0xff, 0xff, 0xff, 0xff, 0xff, 0xff, 0xff, 0xff, 0xf0, 
  0xff, 0xff, 0xff, 0xff, 0xff, 0xff, 0xff, 0xff, 0xf0, 
  0xff, 0xff, 0xff, 0xff, 0xff, 0xff, 0xff, 0xff, 0xf0, 
  0xff, 0xff, 0xff, 0xff, 0xff, 0xff, 0xff, 0xff, 0xf0, 
  0xff, 0xff, 0xff, 0xff, 0xff, 0xff, 0xff, 0xff, 0xf0, 
  0xff, 0xff, 0xff, 0xff, 0xff, 0xff, 0xff, 0xff, 0xf0, 
  0xff, 0xff, 0xff, 0xff, 0xff, 0xff, 0xff, 0xff, 0xf0, 
  0xff, 0xff, 0xff, 0xff, 0xff, 0xff, 0xff, 0xff, 0xf0, 
  0xff, 0xff, 0xff, 0xff, 0xff, 0xff, 0xff, 0xff, 0xf0, 
  0xff, 0xff, 0xff, 0xff, 0xff, 0xff, 0xff, 0xff, 0xf0, 
  0xff, 0xff, 0xff, 0xff, 0xff, 0xff, 0xff, 0xff, 0xf0, 
  0xff, 0xff, 0xff, 0xff, 0xff, 0xff, 0xff, 0xff, 0xf0, 
  0xff, 0xff, 0xff, 0xff, 0xff, 0xff, 0xff, 0xff, 0xf0, 
  0xff, 0xff, 0xff, 0xff, 0xff, 0xff, 0xff, 0xff, 0xf0, 
  0xff, 0xff, 0xff, 0xff, 0xff, 0xff, 0xff, 0xff, 0xf0, 
  0xff, 0xff, 0xff, 0xff, 0xff, 0xff, 0xff, 0xff, 0xf0, 
  0xff, 0xff, 0xff, 0xff, 0xff, 0xff, 0xff, 0xff, 0xf0, 
  0xff, 0xff, 0xff, 0xff, 0xff, 0xff, 0xff, 0xff, 0xf0, 
  0xff, 0xff, 0xff, 0xff, 0xff, 0xff, 0xff, 0xff, 0xf0, 
  0xff, 0xff, 0xff, 0xff, 0xff, 0xff, 0xff, 0xff, 0xf0, 
  0xff, 0xff, 0xff, 0xff, 0xff, 0xff, 0xff, 0xff, 0xf0, 
  0xff, 0xff, 0xff, 0xff, 0xff, 0xff, 0xff, 0xff, 0xf0, 
  0xff, 0xff, 0xff, 0xff, 0xff, 0xff, 0xff, 0xff, 0xf0, 
  0xff, 0xff, 0xff, 0xff, 0xff, 0xff, 0xff, 0xff, 0xf0, 
  0xff, 0xff, 0xff, 0xff, 0xff, 0xff, 0xff, 0xff, 0xf0, 
  0xff, 0xff, 0xff, 0xff, 0xff, 0xff, 0xff, 0xff, 0xf0, 
  0xff, 0xff, 0xff, 0xff, 0xff, 0xff, 0xff, 0xff, 0xf0, 
  0xff, 0xff, 0xff, 0xff, 0xff, 0xff, 0xff, 0xff, 0xf0, 
  0xff, 0xff, 0xff, 0xff, 0xff, 0xff, 0xff, 0xff, 0xf0, 
  0xff, 0xff, 0xff, 0xff, 0xff, 0xff, 0xff, 0xff, 0xf0, 
  0xff, 0xff, 0xff, 0xff, 0xff, 0xff, 0xff, 0xff, 0xf0, 
  0xff, 0xff, 0xff, 0xff, 0xff, 0xff, 0xff, 0xff, 0xf0, 
  0xff, 0xff, 0xff, 0xff, 0xff, 0xff, 0xff, 0xff, 0xf0, 
  0xff, 0xff, 0xff, 0xff, 0xff, 0xff, 0xff, 0xff, 0xf0, 
  0xff, 0xff, 0xff, 0xff, 0xff, 0xff, 0xff, 0xff, 0xf0, 
  0xff, 0xff, 0xff, 0xff, 0xff, 0xff, 0xff, 0xff, 0xf0, 
  0xff, 0xff, 0xff, 0xff, 0xff, 0xff, 0xff, 0xff, 0xf0, 
  0xff, 0xff, 0xff, 0xff, 0xff, 0xff, 0xff, 0xff, 0xf0, 
  0xff, 0xff, 0xff, 0xff, 0xff, 0xff, 0xff, 0xff, 0xf0, 
  0xff, 0xff, 0xff, 0xff, 0xff, 0xff, 0xff, 0xff, 0xf0, 
  0xff, 0xff, 0xff, 0xff, 0xff, 0xff, 0xff, 0xff, 0xf0, 
  0xff, 0xff, 0xff, 0xff, 0xff, 0xff, 0xff, 0xff, 0xf0, 
  0xff, 0xff, 0xff, 0xff, 0xff, 0xff, 0xff, 0xff, 0xf0, 
  0xff, 0xff, 0xff, 0xff, 0xff, 0xff, 0xff, 0xff, 0xf0, 
  0xff, 0xff, 0xff, 0xff, 0xff, 0xff, 0xff, 0xff, 0xf0, 
  0xff, 0xff, 0xff, 0xff, 0xff, 0xff, 0xff, 0xff, 0xf0, 
  0xff, 0xff, 0xff, 0xff, 0xff, 0xff, 0xff, 0xff, 0xf0, 
  0xff, 0xff, 0xff, 0xff, 0xf8, 0xff, 0xff, 0xff, 0xf0, 
  0xff, 0xff, 0xff, 0xff, 0xf7, 0x7f, 0xff, 0xff, 0xf0, 
  0xff, 0xff, 0xff, 0xff, 0xf7, 0x7f, 0xff, 0xff, 0xf0, 
  0xff, 0xff, 0xff, 0xff, 0xf7, 0x7f, 0xff, 0xff, 0xf0, 
  0xff, 0xff, 0xff, 0xff, 0xf8, 0xff, 0xff, 0xff, 0xf0, 
  0xff, 0xff, 0xff, 0xff, 0xff, 0xff, 0xff, 0xff, 0xf0, 
  0xff, 0xff, 0xff, 0xff, 0xff, 0xcf, 0xff, 0xff, 0xf0, 
  0xff, 0xff, 0xff, 0xff, 0xff, 0xb7, 0xff, 0xff, 0xf0, 
  0xff, 0xff, 0xff, 0xff, 0xff, 0xb7, 0xff, 0xff, 0xf0, 
  0xff, 0xff, 0xff, 0xff, 0xff, 0xcf, 0xff, 0xff, 0xf0, 
  0xff, 0xff, 0xff, 0xff, 0xff, 0xff, 0xff, 0xff, 0xf0, 
  0xff, 0xff, 0xff, 0xff, 0xff, 0xfc, 0x0f, 0xff, 0xf0, 
  0xff, 0xff, 0xff, 0xff, 0xff, 0xf3, 0xf3, 0xff, 0xf0, 
  0xff, 0xff, 0xff, 0xff, 0xff, 0xef, 0xfd, 0xff, 0xf0, 
  0xff, 0xff, 0xff, 0xff, 0xff, 0xdf, 0xfe, 0xff, 0xf0, 
  0xff, 0xff, 0xff, 0xff, 0xff, 0xb3, 0xf3, 0x7f, 0xf0, 
  0xff, 0xff, 0xff, 0xff, 0xff, 0x6d, 0xed, 0xbf, 0xf0, 
  0xff, 0xff, 0xff, 0xff, 0xff, 0x6d, 0xed, 0xbf, 0xf0, 
  0xff, 0xff, 0xff, 0xff, 0xfe, 0xe9, 0xe9, 0xdf, 0xf0, 
  0xff, 0xff, 0xff, 0xff, 0xfe, 0xf3, 0xf3, 0xdf, 0xf0, 
  0xff, 0xff, 0xff, 0xff, 0xfe, 0xff, 0xff, 0xdf, 0xf0, 
  0xff, 0xff, 0xff, 0xff, 0xfe, 0xff, 0xff, 0xdf, 0xf0, 
  0xff, 0xff, 0xff, 0xff, 0xff, 0x7f, 0xff, 0xbf, 0xf0, 
  0xff, 0xff, 0xff, 0xff, 0xff, 0x7f, 0xff, 0xbf, 0xf0, 
  0xff, 0xff, 0xff, 0xff, 0xff, 0xbf, 0x07, 0x7f, 0xf0, 
  0xff, 0xff, 0xff, 0xff, 0xff, 0x9f, 0xfe, 0xff, 0xf0, 
  0xff, 0xff, 0xff, 0xff, 0xff, 0x0f, 0xfd, 0xff, 0xf0, 
  0xff, 0xff, 0xff, 0xff, 0xfe, 0x33, 0xf3, 0xff, 0xf0, 
  0xff, 0xff, 0xff, 0xff, 0xfc, 0x7c, 0x0f, 0xff, 0xf0, 
  0xff, 0xff, 0xff, 0xff, 0xf8, 0xff, 0xff, 0xff, 0xf0, 
  0xff, 0xff, 0xff, 0xfc, 0x01, 0xff, 0xff, 0xff, 0xf0, 
  0xff, 0xff, 0xff, 0xe3, 0xe0, 0x7f, 0xff, 0xff, 0xf0, 
  0xff, 0xff, 0xff, 0x9f, 0xc7, 0x9f, 0xff, 0xff, 0xf0, 
  0xff, 0xff, 0xff, 0x7f, 0x8f, 0xef, 0xff, 0xff, 0xf0, 
  0xff, 0xff, 0xfe, 0xff, 0x9f, 0xf7, 0xff, 0xff, 0xf0, 
  0xff, 0xff, 0xf9, 0xff, 0xff, 0xf9, 0xff, 0xff, 0xf0, 
  0xff, 0xff, 0xf7, 0xff, 0xff, 0xfe, 0xff, 0xff, 0xf0, 
  0xff, 0xff, 0xf7, 0xff, 0xff, 0xfe, 0xff, 0xff, 0xf0, 
  0xff, 0xff, 0xef, 0xff, 0xff, 0xff, 0x7f, 0xff, 0xf0, 
  0xff, 0xff, 0xdf, 0xff, 0xff, 0xff, 0xbf, 0xff, 0xf0, 
  0xff, 0xff, 0xdf, 0xff, 0xff, 0xff, 0xbf, 0xff, 0xf0, 
  0xff, 0xff, 0xbf, 0xff, 0xff, 0xff, 0xdf, 0xff, 0xf0, 
  0xff, 0xff, 0xbf, 0xff, 0xff, 0xff, 0xdf, 0xff, 0xf0, 
  0xff, 0xff, 0x7f, 0xff, 0xff, 0xff, 0xef, 0xff, 0xf0, 
  0xff, 0xff, 0x7f, 0xff, 0xff, 0xff, 0xef, 0xff, 0xf0, 
  0xff, 0xff, 0x7f, 0xff, 0xff, 0xff, 0xef, 0xff, 0xf0, 
  0xff, 0xfe, 0xff, 0xff, 0xff, 0xff, 0xf7, 0xff, 0xf0, 
  0xff, 0xfe, 0xfe, 0xff, 0xff, 0xf7, 0xf7, 0xff, 0xf0, 
  0xff, 0xfe, 0xfe, 0xff, 0xff, 0xf7, 0xf7, 0xff, 0xf0, 
  0xff, 0xfe, 0xff, 0x7f, 0xff, 0xef, 0xf7, 0xff, 0xf0, 
  0xff, 0xfe, 0xff, 0x7f, 0xff, 0xef, 0xf7, 0xff, 0xf0, 
  0xff, 0xfe, 0xff, 0xbf, 0xff, 0xdf, 0xf7, 0xff, 0xf0, 
  0xff, 0xfe, 0xff, 0xbf, 0xff, 0xdf, 0xf7, 0xff, 0xf0, 
  0xff, 0xfe, 0xff, 0xbf, 0xff, 0xdf, 0xf7, 0xff, 0xf0, 
  0xff, 0xff, 0x7f, 0xdf, 0xff, 0xbf, 0xef, 0xff, 0xf0, 
  0xff, 0xff, 0x7f, 0xdf, 0xff, 0xbf, 0xef, 0xff, 0xf0, 
  0xff, 0xff, 0x7f, 0xef, 0xff, 0x7f, 0xef, 0xff, 0xf0, 
  0xff, 0xff, 0xbf, 0xef, 0xff, 0x7f, 0xdf, 0xff, 0xf0, 
  0xff, 0xff, 0xbf, 0xff, 0xff, 0xff, 0xdf, 0xff, 0xf0, 
  0xff, 0xff, 0xdf, 0xff, 0xff, 0xff, 0xbf, 0xff, 0xf0, 
  0xff, 0xff, 0xdf, 0xff, 0xff, 0xff, 0xbf, 0xff, 0xf0, 
  0xff, 0xff, 0xef, 0xff, 0xff, 0xff, 0x7f, 0xff, 0xf0, 
  0xff, 0xff, 0xf7, 0xff, 0xff, 0xfe, 0xff, 0xff, 0xf0, 
  0xff, 0xff, 0xf7, 0xff, 0xff, 0xfe, 0xff, 0xff, 0xf0, 
  0xff, 0xff, 0xf9, 0xff, 0xff, 0xf9, 0xff, 0xff, 0xf0, 
  0xff, 0xff, 0xfe, 0xff, 0xff, 0xf7, 0xff, 0xff, 0xf0, 
  0xff, 0xff, 0xff, 0x67, 0xfe, 0x6f, 0xff, 0xff, 0xf0, 
  0xff, 0xff, 0xff, 0x9f, 0xff, 0x9f, 0xff, 0xff, 0xf0, 
  0xff, 0xff, 0xfe, 0x63, 0xfc, 0x67, 0xff, 0xff, 0xf0, 
  0xff, 0xff, 0xf1, 0xfc, 0x03, 0xf8, 0xff, 0xff, 0xf0, 
  0xff, 0xff, 0xcf, 0xff, 0xff, 0xff, 0x3f, 0xff, 0xf0, 
  0xff, 0xff, 0x3f, 0xff, 0xff, 0xff, 0xcf, 0xff, 0xf0, 
  0xff, 0xff, 0xff, 0xff, 0xff, 0xff, 0xff, 0xff, 0xf0, 
  0xff, 0xff, 0xff, 0xff, 0xff, 0xff, 0xff, 0xff, 0xf0, 
  0xff, 0xff, 0xff, 0xff, 0xff, 0xff, 0xff, 0xff, 0xf0, 
  0xff, 0xff, 0xff, 0xff, 0xff, 0xff, 0xff, 0xff, 0xf0, 
  0xff, 0xff, 0xff, 0xff, 0xff, 0xff, 0xff, 0xff, 0xf0, 
  0xff, 0xff, 0xff, 0xff, 0xff, 0xff, 0xff, 0xff, 0xf0, 
  0xff, 0xff, 0xff, 0xff, 0xff, 0xff, 0xff, 0xff, 0xf0, 
  0xff, 0xff, 0xff, 0xff, 0xff, 0xff, 0xff, 0xff, 0xf0, 
  0xff, 0xff, 0xff, 0xff, 0xff, 0xff, 0xff, 0xff, 0xf0, 
  0xff, 0xff, 0xff, 0xff, 0xff, 0xff, 0xff, 0xff, 0xf0, 
  0xff, 0xff, 0xff, 0xff, 0xff, 0xff, 0xff, 0xff, 0xf0, 
  0xff, 0xff, 0xff, 0xff, 0xff, 0xff, 0xff, 0xff, 0xf0, 
  0xff, 0xff, 0xff, 0xff, 0xff, 0xff, 0xff, 0xff, 0xf0, 
  0xff, 0xff, 0xff, 0xff, 0xff, 0xff, 0xff, 0xff, 0xf0, 
};

const lv_img_dsc_t moo03 = {
  .header.cf = LV_IMG_CF_INDEXED_1BIT,
  .header.always_zero = 0,
  .header.reserved = 0,
  .header.w = 68,
  .header.h = 140,
  .data_size = 1268,
  .data = moo03_map,
};

#ifndef LV_ATTRIBUTE_IMG_MOO04
#define LV_ATTRIBUTE_IMG_MOO04
#endif

const LV_ATTRIBUTE_MEM_ALIGN LV_ATTRIBUTE_LARGE_CONST LV_ATTRIBUTE_IMG_MOO04 uint8_t moo04_map[] = {
#if CONFIG_NICE_VIEW_WIDGET_INVERTED
  0xff, 0xff, 0xff, 0xff, /*Color of index 0*/
  0x00, 0x00, 0x00, 0xff, /*Color of index 1*/
#else
  0x00, 0x00, 0x00, 0xff, /*Color of index 0*/
  0xff, 0xff, 0xff, 0xff, /*Color of index 1*/
#endif

  0xff, 0xff, 0xff, 0xff, 0xff, 0xff, 0xff, 0xff, 0xf0, 
  0xff, 0xff, 0xff, 0xff, 0xff, 0xff, 0xff, 0xff, 0xf0, 
  0xff, 0xff, 0xff, 0xff, 0xff, 0xff, 0xff, 0xff, 0xf0, 
  0xff, 0xff, 0xff, 0xff, 0xff, 0xff, 0xff, 0xff, 0xf0, 
  0xff, 0xff, 0xff, 0xff, 0xff, 0xff, 0xff, 0xff, 0xf0, 
  0xff, 0xff, 0xff, 0xff, 0xff, 0xff, 0xff, 0xff, 0xf0, 
  0xff, 0xff, 0xff, 0xff, 0xff, 0xff, 0xff, 0xff, 0xf0, 
  0xff, 0xff, 0xff, 0xff, 0xff, 0xff, 0xff, 0xff, 0xf0, 
  0xff, 0xff, 0xff, 0xff, 0xff, 0xff, 0xff, 0xff, 0xf0, 
  0xff, 0xff, 0xff, 0xff, 0xff, 0xff, 0xff, 0xff, 0xf0, 
  0xff, 0xff, 0xff, 0xff, 0xff, 0xff, 0xff, 0xff, 0xf0, 
  0xff, 0xff, 0xff, 0xff, 0xff, 0xff, 0xff, 0xff, 0xf0, 
  0xff, 0xff, 0xff, 0xff, 0xff, 0xff, 0xff, 0xff, 0xf0, 
  0xff, 0xff, 0xff, 0xff, 0xff, 0xff, 0xff, 0xff, 0xf0, 
  0xff, 0xff, 0xff, 0xff, 0xff, 0xff, 0xff, 0xff, 0xf0, 
  0xff, 0xff, 0xff, 0xff, 0xff, 0xff, 0xff, 0xff, 0xf0, 
  0xff, 0xff, 0xff, 0xff, 0xff, 0xff, 0xff, 0xff, 0xf0, 
  0xff, 0xff, 0xff, 0xff, 0xff, 0xff, 0xff, 0xff, 0xf0, 
  0xff, 0xff, 0xff, 0xff, 0xff, 0xff, 0xff, 0xff, 0xf0, 
  0xff, 0xff, 0xff, 0xff, 0xff, 0xff, 0xff, 0xff, 0xf0, 
  0xff, 0xff, 0xff, 0xff, 0xff, 0xff, 0xff, 0xff, 0xf0, 
  0xff, 0xff, 0xff, 0xff, 0xff, 0xff, 0xff, 0xff, 0xf0, 
  0xff, 0xff, 0xff, 0xff, 0xff, 0xff, 0xff, 0xff, 0xf0, 
  0xff, 0xff, 0xff, 0xff, 0xff, 0xff, 0xff, 0xff, 0xf0, 
  0xff, 0xff, 0xff, 0xff, 0xff, 0xff, 0xff, 0xff, 0xf0, 
  0xff, 0xff, 0xff, 0xff, 0xff, 0xff, 0xff, 0xff, 0xf0, 
  0xff, 0xff, 0xff, 0xff, 0xff, 0xff, 0xff, 0xff, 0xf0, 
  0xff, 0xff, 0xff, 0xff, 0xff, 0xff, 0xff, 0xff, 0xf0, 
  0xff, 0xff, 0xff, 0xff, 0xff, 0xff, 0xff, 0xff, 0xf0, 
  0xff, 0xff, 0xff, 0xff, 0xff, 0xff, 0xff, 0xff, 0xf0, 
  0xff, 0xff, 0xff, 0xff, 0xff, 0xff, 0xff, 0xff, 0xf0, 
  0xff, 0xff, 0xff, 0xff, 0xff, 0xff, 0xff, 0xff, 0xf0, 
  0xff, 0xff, 0xff, 0xff, 0xff, 0xff, 0xff, 0xff, 0xf0, 
  0xff, 0xff, 0xff, 0xff, 0xff, 0xff, 0xff, 0xff, 0xf0, 
  0xff, 0xff, 0xff, 0xff, 0xff, 0xff, 0xff, 0xff, 0xf0, 
  0xff, 0xff, 0xff, 0xff, 0xff, 0xff, 0xff, 0xff, 0xf0, 
  0xff, 0xff, 0xff, 0xff, 0xff, 0xff, 0xff, 0xff, 0xf0, 
  0xff, 0xff, 0xff, 0xff, 0xff, 0xff, 0xff, 0xff, 0xf0, 
  0xff, 0xff, 0xff, 0xff, 0xff, 0xff, 0xff, 0xff, 0xf0, 
  0xff, 0xff, 0xff, 0xff, 0xff, 0xff, 0xff, 0xff, 0xf0, 
  0xff, 0xff, 0xff, 0xff, 0xff, 0xff, 0xff, 0xff, 0xf0, 
  0xff, 0xff, 0xff, 0xff, 0xff, 0xff, 0xff, 0xff, 0xf0, 
  0xff, 0xff, 0xff, 0xff, 0x0f, 0xff, 0xff, 0xff, 0xf0, 
  0xff, 0xff, 0xff, 0xfe, 0xf7, 0xff, 0xff, 0xff, 0xf0, 
  0xff, 0xff, 0xff, 0xfd, 0xfb, 0xff, 0xff, 0xff, 0xf0, 
  0xff, 0xff, 0xff, 0xfb, 0xfd, 0xff, 0xff, 0xff, 0xf0, 
  0xff, 0xff, 0xff, 0xfb, 0xfd, 0xff, 0xff, 0xff, 0xf0, 
  0xff, 0xff, 0xff, 0xfb, 0xfd, 0xff, 0xff, 0xff, 0xf0, 
  0xff, 0xff, 0xff, 0xfb, 0xfd, 0xff, 0xff, 0xff, 0xf0, 
  0xff, 0xff, 0xff, 0xfd, 0xfb, 0xff, 0xff, 0xff, 0xf0, 
  0xff, 0xff, 0xff, 0xfe, 0xf7, 0xff, 0xff, 0xff, 0xf0, 
  0xff, 0xff, 0xff, 0xff, 0x0f, 0xff, 0xff, 0xff, 0xf0, 
  0xff, 0xff, 0xff, 0xff, 0xff, 0xff, 0xff, 0xff, 0xf0, 
  0xff, 0xff, 0xff, 0xff, 0xff, 0xff, 0xff, 0xff, 0xf0, 
  0xff, 0xff, 0xff, 0xff, 0xf8, 0xff, 0xff, 0xff, 0xf0, 
  0xff, 0xff, 0xff, 0xff, 0xf7, 0x7f, 0xff, 0xff, 0xf0, 
  0xff, 0xff, 0xff, 0xff, 0xf7, 0x7f, 0xff, 0xff, 0xf0, 
  0xff, 0xff, 0xff, 0xff, 0xf7, 0x7f, 0xff, 0xff, 0xf0, 
  0xff, 0xff, 0xff, 0xff, 0xf8, 0xff, 0xff, 0xff, 0xf0, 
  0xff, 0xff, 0xff, 0xff, 0xff, 0xff, 0xff, 0xff, 0xf0, 
  0xff, 0xff, 0xff, 0xff, 0xff, 0xcf, 0xff, 0xff, 0xf0, 
  0xff, 0xff, 0xff, 0xff, 0xff, 0xb7, 0xff, 0xff, 0xf0, 
  0xff, 0xff, 0xff, 0xff, 0xff, 0xb7, 0xff, 0xff, 0xf0, 
  0xff, 0xff, 0xff, 0xff, 0xff, 0xcf, 0xff, 0xff, 0xf0, 
  0xff, 0xff, 0xff, 0xff, 0xff, 0xff, 0xff, 0xff, 0xf0, 
  0xff, 0xff, 0xff, 0xff, 0xff, 0xfc, 0x0f, 0xff, 0xf0, 
  0xff, 0xff, 0xff, 0xff, 0xff, 0xf3, 0xf3, 0xff, 0xf0, 
  0xff, 0xff, 0xff, 0xff, 0xff, 0xef, 0xfd, 0xff, 0xf0, 
  0xff, 0xff, 0xff, 0xff, 0xff, 0xdf, 0xfe, 0xff, 0xf0, 
  0xff, 0xff, 0xff, 0xff, 0xff, 0xb3, 0xf3, 0x7f, 0xf0, 
  0xff, 0xff, 0xff, 0xff, 0xff, 0x6d, 0xed, 0xbf, 0xf0, 
  0xff, 0xff, 0xff, 0xff, 0xff, 0x6d, 0xed, 0xbf, 0xf0, 
  0xff, 0xff, 0xff, 0xff, 0xfe, 0xe9, 0xe9, 0xdf, 0xf0, 
  0xff, 0xff, 0xff, 0xff, 0xfe, 0xf3, 0xf3, 0xdf, 0xf0, 
  0xff, 0xff, 0xff, 0xff, 0xfe, 0xff, 0xff, 0xdf, 0xf0, 
  0xff, 0xff, 0xff, 0xff, 0xfe, 0xff, 0xff, 0xdf, 0xf0, 
  0xff, 0xff, 0xff, 0xff, 0xff, 0x7f, 0xff, 0xbf, 0xf0, 
  0xff, 0xff, 0xff, 0xff, 0xff, 0x7f, 0xff, 0xbf, 0xf0, 
  0xff, 0xff, 0xff, 0xff, 0xff, 0xbf, 0x07, 0x7f, 0xf0, 
  0xff, 0xff, 0xff, 0xff, 0xff, 0x9f, 0xfe, 0xff, 0xf0, 
  0xff, 0xff, 0xff, 0xff, 0xff, 0x0f, 0xfd, 0xff, 0xf0, 
  0xff, 0xff, 0xff, 0xff, 0xfe, 0x33, 0xf3, 0xff, 0xf0, 
  0xff, 0xff, 0xff, 0xff, 0xfc, 0x7c, 0x0f, 0xff, 0xf0, 
  0xff, 0xff, 0xff, 0xff, 0xf8, 0xff, 0xff, 0xff, 0xf0, 
  0xff, 0xff, 0xff, 0xfc, 0x01, 0xff, 0xff, 0xff, 0xf0, 
  0xff, 0xff, 0xff, 0xe3, 0xe0, 0x7f, 0xff, 0xff, 0xf0, 
  0xff, 0xff, 0xff, 0x9f, 0xc7, 0x9f, 0xff, 0xff, 0xf0, 
  0xff, 0xff, 0xff, 0x7f, 0x8f, 0xef, 0xff, 0xff, 0xf0, 
  0xff, 0xff, 0xfe, 0xff, 0x9f, 0xf7, 0xff, 0xff, 0xf0, 
  0xff, 0xff, 0xf9, 0xff, 0xff, 0xf9, 0xff, 0xff, 0xf0, 
  0xff, 0xff, 0xf7, 0xff, 0xff, 0xfe, 0xff, 0xff, 0xf0, 
  0xff, 0xff, 0xf7, 0xff, 0xff, 0xfe, 0xff, 0xff, 0xf0, 
  0xff, 0xff, 0xef, 0xff, 0xff, 0xff, 0x7f, 0xff, 0xf0, 
  0xff, 0xff, 0xdf, 0xff, 0xff, 0xff, 0xbf, 0xff, 0xf0, 
  0xff, 0xff, 0xdf, 0xff, 0xff, 0xff, 0xbf, 0xff, 0xf0, 
  0xff, 0xff, 0xbf, 0xff, 0xff, 0xff, 0xdf, 0xff, 0xf0, 
  0xff, 0xff, 0xbf, 0xff, 0xff, 0xff, 0xdf, 0xff, 0xf0, 
  0xff, 0xff, 0x7f, 0xff, 0xff, 0xff, 0xef, 0xff, 0xf0, 
  0xff, 0xff, 0x7f, 0xff, 0xff, 0xff, 0xef, 0xff, 0xf0, 
  0xff, 0xff, 0x7f, 0xff, 0xff, 0xff, 0xef, 0xff, 0xf0, 
  0xff, 0xfe, 0xff, 0xff, 0xff, 0xff, 0xf7, 0xff, 0xf0, 
  0xff, 0xfe, 0xfe, 0xff, 0xff, 0xf7, 0xf7, 0xff, 0xf0, 
  0xff, 0xfe, 0xfe, 0xff, 0xff, 0xf7, 0xf7, 0xff, 0xf0, 
  0xff, 0xfe, 0xff, 0x7f, 0xff, 0xef, 0xf7, 0xff, 0xf0, 
  0xff, 0xfe, 0xff, 0x7f, 0xff, 0xef, 0xf7, 0xff, 0xf0, 
  0xff, 0xfe, 0xff, 0xbf, 0xff, 0xdf, 0xf7, 0xff, 0xf0, 
  0xff, 0xfe, 0xff, 0xbf, 0xff, 0xdf, 0xf7, 0xff, 0xf0, 
  0xff, 0xfe, 0xff, 0xbf, 0xff, 0xdf, 0xf7, 0xff, 0xf0, 
  0xff, 0xff, 0x7f, 0xdf, 0xff, 0xbf, 0xef, 0xff, 0xf0, 
  0xff, 0xff, 0x7f, 0xdf, 0xff, 0xbf, 0xef, 0xff, 0xf0, 
  0xff, 0xff, 0x7f, 0xef, 0xff, 0x7f, 0xef, 0xff, 0xf0, 
  0xff, 0xff, 0xbf, 0xef, 0xff, 0x7f, 0xdf, 0xff, 0xf0, 
  0xff, 0xff, 0xbf, 0xff, 0xff, 0xff, 0xdf, 0xff, 0xf0, 
  0xff, 0xff, 0xdf, 0xff, 0xff, 0xff, 0xbf, 0xff, 0xf0, 
  0xff, 0xff, 0xdf, 0xff, 0xff, 0xff, 0xbf, 0xff, 0xf0, 
  0xff, 0xff, 0xef, 0xff, 0xff, 0xff, 0x7f, 0xff, 0xf0, 
  0xff, 0xff, 0xf7, 0xff, 0xff, 0xfe, 0xff, 0xff, 0xf0, 
  0xff, 0xff, 0xf7, 0xff, 0xff, 0xfe, 0xff, 0xff, 0xf0, 
  0xff, 0xff, 0xf9, 0xff, 0xff, 0xf9, 0xff, 0xff, 0xf0, 
  0xff, 0xff, 0xfe, 0xff, 0xff, 0xf7, 0xff, 0xff, 0xf0, 
  0xff, 0xff, 0xff, 0x67, 0xfe, 0x6f, 0xff, 0xff, 0xf0, 
  0xff, 0xff, 0xff, 0x9f, 0xff, 0x9f, 0xff, 0xff, 0xf0, 
  0xff, 0xff, 0xfe, 0x63, 0xfc, 0x67, 0xff, 0xff, 0xf0, 
  0xff, 0xff, 0xf1, 0xfc, 0x03, 0xf8, 0xff, 0xff, 0xf0, 
  0xff, 0xff, 0xcf, 0xff, 0xff, 0xff, 0x3f, 0xff, 0xf0, 
  0xff, 0xff, 0x3f, 0xff, 0xff, 0xff, 0xcf, 0xff, 0xf0, 
  0xff, 0xff, 0xff, 0xff, 0xff, 0xff, 0xff, 0xff, 0xf0, 
  0xff, 0xff, 0xff, 0xff, 0xff, 0xff, 0xff, 0xff, 0xf0, 
  0xff, 0xff, 0xff, 0xff, 0xff, 0xff, 0xff, 0xff, 0xf0, 
  0xff, 0xff, 0xff, 0xff, 0xff, 0xff, 0xff, 0xff, 0xf0, 
  0xff, 0xff, 0xff, 0xff, 0xff, 0xff, 0xff, 0xff, 0xf0, 
  0xff, 0xff, 0xff, 0xff, 0xff, 0xff, 0xff, 0xff, 0xf0, 
  0xff, 0xff, 0xff, 0xff, 0xff, 0xff, 0xff, 0xff, 0xf0, 
  0xff, 0xff, 0xff, 0xff, 0xff, 0xff, 0xff, 0xff, 0xf0, 
  0xff, 0xff, 0xff, 0xff, 0xff, 0xff, 0xff, 0xff, 0xf0, 
  0xff, 0xff, 0xff, 0xff, 0xff, 0xff, 0xff, 0xff, 0xf0, 
  0xff, 0xff, 0xff, 0xff, 0xff, 0xff, 0xff, 0xff, 0xf0, 
  0xff, 0xff, 0xff, 0xff, 0xff, 0xff, 0xff, 0xff, 0xf0, 
  0xff, 0xff, 0xff, 0xff, 0xff, 0xff, 0xff, 0xff, 0xf0, 
  0xff, 0xff, 0xff, 0xff, 0xff, 0xff, 0xff, 0xff, 0xf0, 
};

const lv_img_dsc_t moo04 = {
  .header.cf = LV_IMG_CF_INDEXED_1BIT,
  .header.always_zero = 0,
  .header.reserved = 0,
  .header.w = 68,
  .header.h = 140,
  .data_size = 1268,
  .data = moo04_map,
};

#ifndef LV_ATTRIBUTE_IMG_MOO05
#define LV_ATTRIBUTE_IMG_MOO05
#endif

const LV_ATTRIBUTE_MEM_ALIGN LV_ATTRIBUTE_LARGE_CONST LV_ATTRIBUTE_IMG_MOO05 uint8_t moo05_map[] = {
#if CONFIG_NICE_VIEW_WIDGET_INVERTED
  0xff, 0xff, 0xff, 0xff, /*Color of index 0*/
  0x00, 0x00, 0x00, 0xff, /*Color of index 1*/
#else
  0x00, 0x00, 0x00, 0xff, /*Color of index 0*/
  0xff, 0xff, 0xff, 0xff, /*Color of index 1*/
#endif

  0xff, 0xff, 0xff, 0xff, 0xff, 0xff, 0xff, 0xff, 0xf0, 
  0xff, 0xff, 0xff, 0xff, 0xff, 0xff, 0xff, 0xff, 0xf0, 
  0xff, 0xff, 0xff, 0xff, 0xff, 0xff, 0xff, 0xff, 0xf0, 
  0xff, 0xff, 0xff, 0xff, 0xff, 0xff, 0xff, 0xff, 0xf0, 
  0xff, 0xff, 0xff, 0xff, 0xff, 0xff, 0xff, 0xff, 0xf0, 
  0xff, 0xff, 0xff, 0xff, 0xff, 0xff, 0xff, 0xff, 0xf0, 
  0xff, 0xff, 0xff, 0xff, 0xff, 0xff, 0xff, 0xff, 0xf0, 
  0xff, 0xff, 0xff, 0xff, 0xff, 0xff, 0xff, 0xff, 0xf0, 
  0xff, 0xff, 0xff, 0xff, 0xff, 0xff, 0xff, 0xff, 0xf0, 
  0xff, 0xff, 0xff, 0xff, 0xff, 0xff, 0xff, 0xff, 0xf0, 
  0xff, 0xff, 0xff, 0xff, 0xff, 0xff, 0xff, 0xff, 0xf0, 
  0xff, 0xff, 0xff, 0xc0, 0x00, 0x3f, 0xff, 0xff, 0xf0, 
  0xff, 0xff, 0xf0, 0x3f, 0xff, 0xc0, 0xff, 0xff, 0xf0, 
  0xff, 0xff, 0x0f, 0xff, 0xff, 0xff, 0x0f, 0xff, 0xf0, 
  0xff, 0xf8, 0xff, 0xff, 0xff, 0xff, 0xf1, 0xff, 0xf0, 
  0xff, 0xc7, 0xff, 0xff, 0xff, 0xff, 0xfe, 0x3f, 0xf0, 
  0xff, 0x3f, 0xff, 0xff, 0xff, 0xff, 0xff, 0xcf, 0xf0, 
  0xfe, 0xff, 0xff, 0xff, 0xff, 0xff, 0xff, 0xf7, 0xf0, 
  0xf9, 0xff, 0xff, 0xff, 0xff, 0xff, 0xff, 0xf9, 0xf0, 
  0xf7, 0xff, 0xff, 0xff, 0xff, 0xff, 0xff, 0xfe, 0xf0, 
  0xef, 0xff, 0xff, 0xff, 0xff, 0xff, 0xff, 0xff, 0x70, 
  0xdf, 0xff, 0xff, 0xff, 0xff, 0xff, 0xff, 0xff, 0xb0, 
  0xdf, 0xff, 0xff, 0xff, 0xff, 0xff, 0xff, 0xff, 0xb0, 
  0xbf, 0xff, 0xff, 0xff, 0xff, 0xff, 0xff, 0xff, 0xd0, 
  0xbf, 0xff, 0xff, 0xff, 0xff, 0xff, 0xff, 0xff, 0xd0, 
  0xbf, 0xff, 0xff, 0xff, 0xff, 0xff, 0xff, 0xff, 0xd0, 
  0xbf, 0xff, 0xff, 0xff, 0xff, 0xff, 0xff, 0xff, 0xd0, 
  0xdf, 0xff, 0xff, 0xff, 0xff, 0xff, 0xff, 0xff, 0xb0, 
  0xdf, 0xff, 0xff, 0xff, 0xff, 0xff, 0xff, 0xff, 0xb0, 
  0xef, 0xff, 0xff, 0xff, 0xff, 0xff, 0xff, 0xff, 0x70, 
  0xf7, 0xff, 0xff, 0xff, 0xff, 0xff, 0xff, 0xfe, 0xf0, 
  0xf9, 0xff, 0xff, 0xff, 0xff, 0xff, 0xff, 0xf9, 0xf0, 
  0xfe, 0xff, 0xff, 0xff, 0xff, 0xff, 0xff, 0xf7, 0xf0, 
  0xff, 0x3f, 0xff, 0xff, 0xff, 0xff, 0xff, 0xcf, 0xf0, 
  0xff, 0xc7, 0xff, 0xff, 0xff, 0xff, 0xfe, 0x3f, 0xf0, 
  0xff, 0xf8, 0xff, 0xff, 0xff, 0xff, 0xf1, 0xff, 0xf0, 
  0xff, 0xff, 0x0f, 0xff, 0xff, 0xff, 0x0f, 0xff, 0xf0, 
  0xff, 0xff, 0xf0, 0x3f, 0xff, 0xc0, 0xff, 0xff, 0xf0, 
  0xff, 0xff, 0xff, 0xc0, 0x00, 0x3f, 0xff, 0xff, 0xf0, 
  0xff, 0xff, 0xff, 0xff, 0xff, 0xff, 0xff, 0xff, 0xf0, 
  0xff, 0xff, 0xff, 0xff, 0xff, 0xff, 0xff, 0xff, 0xf0, 
  0xff, 0xff, 0xff, 0xff, 0xff, 0xff, 0xff, 0xff, 0xf0, 
  0xff, 0xff, 0xff, 0xff, 0x0f, 0xff, 0xff, 0xff, 0xf0, 
  0xff, 0xff, 0xff, 0xfe, 0xf7, 0xff, 0xff, 0xff, 0xf0, 
  0xff, 0xff, 0xff, 0xfd, 0xfb, 0xff, 0xff, 0xff, 0xf0, 
  0xff, 0xff, 0xff, 0xfb, 0xfd, 0xff, 0xff, 0xff, 0xf0, 
  0xff, 0xff, 0xff, 0xfb, 0xfd, 0xff, 0xff, 0xff, 0xf0, 
  0xff, 0xff, 0xff, 0xfb, 0xfd, 0xff, 0xff, 0xff, 0xf0, 
  0xff, 0xff, 0xff, 0xfb, 0xfd, 0xff, 0xff, 0xff, 0xf0, 
  0xff, 0xff, 0xff, 0xfd, 0xfb, 0xff, 0xff, 0xff, 0xf0, 
  0xff, 0xff, 0xff, 0xfe, 0xf7, 0xff, 0xff, 0xff, 0xf0, 
  0xff, 0xff, 0xff, 0xff, 0x0f, 0xff, 0xff, 0xff, 0xf0, 
  0xff, 0xff, 0xff, 0xff, 0xff, 0xff, 0xff, 0xff, 0xf0, 
  0xff, 0xff, 0xff, 0xff, 0xff, 0xff, 0xff, 0xff, 0xf0, 
  0xff, 0xff, 0xff, 0xff, 0xf8, 0xff, 0xff, 0xff, 0xf0, 
  0xff, 0xff, 0xff, 0xff, 0xf7, 0x7f, 0xff, 0xff, 0xf0, 
  0xff, 0xff, 0xff, 0xff, 0xf7, 0x7f, 0xff, 0xff, 0xf0, 
  0xff, 0xff, 0xff, 0xff, 0xf7, 0x7f, 0xff, 0xff, 0xf0, 
  0xff, 0xff, 0xff, 0xff, 0xf8, 0xff, 0xff, 0xff, 0xf0, 
  0xff, 0xff, 0xff, 0xff, 0xff, 0xff, 0xff, 0xff, 0xf0, 
  0xff, 0xff, 0xff, 0xff, 0xff, 0xcf, 0xff, 0xff, 0xf0, 
  0xff, 0xff, 0xff, 0xff, 0xff, 0xb7, 0xff, 0xff, 0xf0, 
  0xff, 0xff, 0xff, 0xff, 0xff, 0xb7, 0xff, 0xff, 0xf0, 
  0xff, 0xff, 0xff, 0xff, 0xff, 0xcf, 0xff, 0xff, 0xf0, 
  0xff, 0xff, 0xff, 0xff, 0xff, 0xff, 0xff, 0xff, 0xf0, 
  0xff, 0xff, 0xff, 0xff, 0xff, 0xfc, 0x0f, 0xff, 0xf0, 
  0xff, 0xff, 0xff, 0xff, 0xff, 0xf3, 0xf3, 0xff, 0xf0, 
  0xff, 0xff, 0xff, 0xff, 0xff, 0xef, 0xfd, 0xff, 0xf0, 
  0xff, 0xff, 0xff, 0xff, 0xff, 0xdf, 0xfe, 0xff, 0xf0, 
  0xff, 0xff, 0xff, 0xff, 0xff, 0xb3, 0xf3, 0x7f, 0xf0, 
  0xff, 0xff, 0xff, 0xff, 0xff, 0x6d, 0xed, 0xbf, 0xf0, 
  0xff, 0xff, 0xff, 0xff, 0xff, 0x6d, 0xed, 0xbf, 0xf0, 
  0xff, 0xff, 0xff, 0xff, 0xfe, 0xe9, 0xe9, 0xdf, 0xf0, 
  0xff, 0xff, 0xff, 0xff, 0xfe, 0xf3, 0xf3, 0xdf, 0xf0, 
  0xff, 0xff, 0xff, 0xff, 0xfe, 0xff, 0xff, 0xdf, 0xf0, 
  0xff, 0xff, 0xff, 0xff, 0xfe, 0xff, 0xff, 0xdf, 0xf0, 
  0xff, 0xff, 0xff, 0xff, 0xff, 0x7f, 0xff, 0xbf, 0xf0, 
  0xff, 0xff, 0xff, 0xff, 0xff, 0x7f, 0xff, 0xbf, 0xf0, 
  0xff, 0xff, 0xff, 0xff, 0xff, 0xbf, 0x07, 0x7f, 0xf0, 
  0xff, 0xff, 0xff, 0xff, 0xff, 0x9f, 0xfe, 0xff, 0xf0, 
  0xff, 0xff, 0xff, 0xff, 0xff, 0x0f, 0xfd, 0xff, 0xf0, 
  0xff, 0xff, 0xff, 0xff, 0xfe, 0x33, 0xf3, 0xff, 0xf0, 
  0xff, 0xff, 0xff, 0xff, 0xfc, 0x7c, 0x0f, 0xff, 0xf0, 
  0xff, 0xff, 0xff, 0xff, 0xf8, 0xff, 0xff, 0xff, 0xf0, 
  0xff, 0xff, 0xff, 0xfc, 0x01, 0xff, 0xff, 0xff, 0xf0, 
  0xff, 0xff, 0xff, 0xe3, 0xe0, 0x7f, 0xff, 0xff, 0xf0, 
  0xff, 0xff, 0xff, 0x9f, 0xc7, 0x9f, 0xff, 0xff, 0xf0, 
  0xff, 0xff, 0xff, 0x7f, 0x8f, 0xef, 0xff, 0xff, 0xf0, 
  0xff, 0xff, 0xfe, 0xff, 0x9f, 0xf7, 0xff, 0xff, 0xf0, 
  0xff, 0xff, 0xf9, 0xff, 0xff, 0xf9, 0xff, 0xff, 0xf0, 
  0xff, 0xff, 0xf7, 0xff, 0xff, 0xfe, 0xff, 0xff, 0xf0, 
  0xff, 0xff, 0xf7, 0xff, 0xff, 0xfe, 0xff, 0xff, 0xf0, 
  0xff, 0xff, 0xef, 0xff, 0xff, 0xff, 0x7f, 0xff, 0xf0, 
  0xff, 0xff, 0xdf, 0xff, 0xff, 0xff, 0xbf, 0xff, 0xf0, 
  0xff, 0xff, 0xdf, 0xff, 0xff, 0xff, 0xbf, 0xff, 0xf0, 
  0xff, 0xff, 0xbf, 0xff, 0xff, 0xff, 0xdf, 0xff, 0xf0, 
  0xff, 0xff, 0xbf, 0xff, 0xff, 0xff, 0xdf, 0xff, 0xf0, 
  0xff, 0xff, 0x7f, 0xff, 0xff, 0xff, 0xef, 0xff, 0xf0, 
  0xff, 0xff, 0x7f, 0xff, 0xff, 0xff, 0xef, 0xff, 0xf0, 
  0xff, 0xff, 0x7f, 0xff, 0xff, 0xff, 0xef, 0xff, 0xf0, 
  0xff, 0xfe, 0xff, 0xff, 0xff, 0xff, 0xf7, 0xff, 0xf0, 
  0xff, 0xfe, 0xfe, 0xff, 0xff, 0xf7, 0xf7, 0xff, 0xf0, 
  0xff, 0xfe, 0xfe, 0xff, 0xff, 0xf7, 0xf7, 0xff, 0xf0, 
  0xff, 0xfe, 0xff, 0x7f, 0xff, 0xef, 0xf7, 0xff, 0xf0, 
  0xff, 0xfe, 0xff, 0x7f, 0xff, 0xef, 0xf7, 0xff, 0xf0, 
  0xff, 0xfe, 0xff, 0xbf, 0xff, 0xdf, 0xf7, 0xff, 0xf0, 
  0xff, 0xfe, 0xff, 0xbf, 0xff, 0xdf, 0xf7, 0xff, 0xf0, 
  0xff, 0xfe, 0xff, 0xbf, 0xff, 0xdf, 0xf7, 0xff, 0xf0, 
  0xff, 0xff, 0x7f, 0xdf, 0xff, 0xbf, 0xef, 0xff, 0xf0, 
  0xff, 0xff, 0x7f, 0xdf, 0xff, 0xbf, 0xef, 0xff, 0xf0, 
  0xff, 0xff, 0x7f, 0xef, 0xff, 0x7f, 0xef, 0xff, 0xf0, 
  0xff, 0xff, 0xbf, 0xef, 0xff, 0x7f, 0xdf, 0xff, 0xf0, 
  0xff, 0xff, 0xbf, 0xff, 0xff, 0xff, 0xdf, 0xff, 0xf0, 
  0xff, 0xff, 0xdf, 0xff, 0xff, 0xff, 0xbf, 0xff, 0xf0, 
  0xff, 0xff, 0xdf, 0xff, 0xff, 0xff, 0xbf, 0xff, 0xf0, 
  0xff, 0xff, 0xef, 0xff, 0xff, 0xff, 0x7f, 0xff, 0xf0, 
  0xff, 0xff, 0xf7, 0xff, 0xff, 0xfe, 0xff, 0xff, 0xf0, 
  0xff, 0xff, 0xf7, 0xff, 0xff, 0xfe, 0xff, 0xff, 0xf0, 
  0xff, 0xff, 0xf9, 0xff, 0xff, 0xf9, 0xff, 0xff, 0xf0, 
  0xff, 0xff, 0xfe, 0xff, 0xff, 0xf7, 0xff, 0xff, 0xf0, 
  0xff, 0xff, 0xff, 0x67, 0xfe, 0x6f, 0xff, 0xff, 0xf0, 
  0xff, 0xff, 0xff, 0x9f, 0xff, 0x9f, 0xff, 0xff, 0xf0, 
  0xff, 0xff, 0xfe, 0x63, 0xfc, 0x67, 0xff, 0xff, 0xf0, 
  0xff, 0xff, 0xf1, 0xfc, 0x03, 0xf8, 0xff, 0xff, 0xf0, 
  0xff, 0xff, 0xcf, 0xff, 0xff, 0xff, 0x3f, 0xff, 0xf0, 
  0xff, 0xff, 0x3f, 0xff, 0xff, 0xff, 0xcf, 0xff, 0xf0, 
  0xff, 0xff, 0xff, 0xff, 0xff, 0xff, 0xff, 0xff, 0xf0, 
  0xff, 0xff, 0xff, 0xff, 0xff, 0xff, 0xff, 0xff, 0xf0, 
  0xff, 0xff, 0xff, 0xff, 0xff, 0xff, 0xff, 0xff, 0xf0, 
  0xff, 0xff, 0xff, 0xff, 0xff, 0xff, 0xff, 0xff, 0xf0, 
  0xff, 0xff, 0xff, 0xff, 0xff, 0xff, 0xff, 0xff, 0xf0, 
  0xff, 0xff, 0xff, 0xff, 0xff, 0xff, 0xff, 0xff, 0xf0, 
  0xff, 0xff, 0xff, 0xff, 0xff, 0xff, 0xff, 0xff, 0xf0, 
  0xff, 0xff, 0xff, 0xff, 0xff, 0xff, 0xff, 0xff, 0xf0, 
  0xff, 0xff, 0xff, 0xff, 0xff, 0xff, 0xff, 0xff, 0xf0, 
  0xff, 0xff, 0xff, 0xff, 0xff, 0xff, 0xff, 0xff, 0xf0, 
  0xff, 0xff, 0xff, 0xff, 0xff, 0xff, 0xff, 0xff, 0xf0, 
  0xff, 0xff, 0xff, 0xff, 0xff, 0xff, 0xff, 0xff, 0xf0, 
  0xff, 0xff, 0xff, 0xff, 0xff, 0xff, 0xff, 0xff, 0xf0, 
  0xff, 0xff, 0xff, 0xff, 0xff, 0xff, 0xff, 0xff, 0xf0, 
};

const lv_img_dsc_t moo05 = {
  .header.cf = LV_IMG_CF_INDEXED_1BIT,
  .header.always_zero = 0,
  .header.reserved = 0,
  .header.w = 68,
  .header.h = 140,
  .data_size = 1268,
  .data = moo05_map,
};

#ifndef LV_ATTRIBUTE_IMG_MOO06
#define LV_ATTRIBUTE_IMG_MOO06
#endif

const LV_ATTRIBUTE_MEM_ALIGN LV_ATTRIBUTE_LARGE_CONST LV_ATTRIBUTE_IMG_MOO06 uint8_t moo06_map[] = {
#if CONFIG_NICE_VIEW_WIDGET_INVERTED
  0xff, 0xff, 0xff, 0xff, /*Color of index 0*/
  0x00, 0x00, 0x00, 0xff, /*Color of index 1*/
#else
  0x00, 0x00, 0x00, 0xff, /*Color of index 0*/
  0xff, 0xff, 0xff, 0xff, /*Color of index 1*/
#endif

  0xff, 0xff, 0xff, 0xff, 0xff, 0xff, 0xff, 0xff, 0xf0, 
  0xff, 0xff, 0xff, 0xff, 0xff, 0xff, 0xff, 0xff, 0xf0, 
  0xff, 0xff, 0xff, 0xff, 0xff, 0xff, 0xff, 0xff, 0xf0, 
  0xff, 0xff, 0xff, 0xff, 0xff, 0xff, 0xff, 0xff, 0xf0, 
  0xff, 0xff, 0xff, 0xff, 0xff, 0xff, 0xff, 0xff, 0xf0, 
  0xff, 0xff, 0xff, 0xff, 0xff, 0xff, 0xff, 0xff, 0xf0, 
  0xff, 0xff, 0xff, 0xff, 0xff, 0xff, 0xff, 0xff, 0xf0, 
  0xff, 0xff, 0xff, 0xff, 0xff, 0xff, 0xff, 0xff, 0xf0, 
  0xff, 0xff, 0xff, 0xff, 0xff, 0xff, 0xff, 0xff, 0xf0, 
  0xff, 0xff, 0xff, 0xff, 0xff, 0xff, 0xff, 0xff, 0xf0, 
  0xff, 0xff, 0xff, 0xff, 0xff, 0xff, 0xff, 0xff, 0xf0, 
  0xff, 0xff, 0xff, 0xc0, 0x00, 0x3f, 0xff, 0xff, 0xf0, 
  0xff, 0xff, 0xf0, 0x3f, 0xff, 0xc0, 0xff, 0xff, 0xf0, 
  0xff, 0xff, 0x0f, 0xff, 0xff, 0xff, 0x0f, 0xff, 0xf0, 
  0xff, 0xf8, 0xff, 0xff, 0xff, 0xff, 0xf1, 0xff, 0xf0, 
  0xff, 0xc7, 0xff, 0xff, 0xff, 0xff, 0xfe, 0x3f, 0xf0, 
  0xff, 0x3f, 0xff, 0xff, 0xff, 0xff, 0xff, 0xcf, 0xf0, 
  0xfe, 0xff, 0xff, 0xff, 0xff, 0xff, 0xff, 0xf7, 0xf0, 
  0xf9, 0xff, 0xff, 0xff, 0xff, 0xff, 0xff, 0xf9, 0xf0, 
  0xf7, 0x9f, 0x9f, 0xff, 0xff, 0xff, 0xff, 0xfe, 0xf0, 
  0xef, 0x9f, 0x9f, 0xff, 0xff, 0xff, 0xff, 0xff, 0x70, 
  0xdf, 0x86, 0x1f, 0xff, 0xff, 0xff, 0xff, 0xff, 0xb0, 
  0xdf, 0x86, 0x1f, 0xff, 0xff, 0xff, 0xff, 0xff, 0xb0, 
  0xbf, 0x99, 0x9f, 0xff, 0xff, 0xff, 0xff, 0xff, 0xd0, 
  0xbf, 0x99, 0x9f, 0xff, 0xff, 0xff, 0xff, 0xff, 0xd0, 
  0xbf, 0x9f, 0x9f, 0xff, 0xff, 0xff, 0xff, 0xff, 0xd0, 
  0xbf, 0x9f, 0x9f, 0xff, 0xff, 0xff, 0xff, 0xff, 0xd0, 
  0xdf, 0x9f, 0x9f, 0xff, 0xff, 0xff, 0xff, 0xff, 0xb0, 
  0xdf, 0x9f, 0x9f, 0xff, 0xff, 0xff, 0xff, 0xff, 0xb0, 
  0xef, 0x9f, 0x9f, 0xff, 0xff, 0xff, 0xff, 0xff, 0x70, 
  0xf7, 0x9f, 0x9f, 0xff, 0xff, 0xff, 0xff, 0xfe, 0xf0, 
  0xf9, 0xff, 0xff, 0xff, 0xff, 0xff, 0xff, 0xf9, 0xf0, 
  0xfe, 0xff, 0xff, 0xff, 0xff, 0xff, 0xff, 0xf7, 0xf0, 
  0xff, 0x3f, 0xff, 0xff, 0xff, 0xff, 0xff, 0xcf, 0xf0, 
  0xff, 0xc7, 0xff, 0xff, 0xff, 0xff, 0xfe, 0x3f, 0xf0, 
  0xff, 0xf8, 0xff, 0xff, 0xff, 0xff, 0xf1, 0xff, 0xf0, 
  0xff, 0xff, 0x0f, 0xff, 0xff, 0xff, 0x0f, 0xff, 0xf0, 
  0xff, 0xff, 0xf0, 0x3f, 0xff, 0xc0, 0xff, 0xff, 0xf0, 
  0xff, 0xff, 0xff, 0xc0, 0x00, 0x3f, 0xff, 0xff, 0xf0, 
  0xff, 0xff, 0xff, 0xff, 0xff, 0xff, 0xff, 0xff, 0xf0, 
  0xff, 0xff, 0xff, 0xff, 0xff, 0xff, 0xff, 0xff, 0xf0, 
  0xff, 0xff, 0xff, 0xff, 0xff, 0xff, 0xff, 0xff, 0xf0, 
  0xff, 0xff, 0xff, 0xff, 0x0f, 0xff, 0xff, 0xff, 0xf0, 
  0xff, 0xff, 0xff, 0xfe, 0xf7, 0xff, 0xff, 0xff, 0xf0, 
  0xff, 0xff, 0xff, 0xfd, 0xfb, 0xff, 0xff, 0xff, 0xf0, 
  0xff, 0xff, 0xff, 0xfb, 0xfd, 0xff, 0xff, 0xff, 0xf0, 
  0xff, 0xff, 0xff, 0xfb, 0xfd, 0xff, 0xff, 0xff, 0xf0, 
  0xff, 0xff, 0xff, 0xfb, 0xfd, 0xff, 0xff, 0xff, 0xf0, 
  0xff, 0xff, 0xff, 0xfb, 0xfd, 0xff, 0xff, 0xff, 0xf0, 
  0xff, 0xff, 0xff, 0xfd, 0xfb, 0xff, 0xff, 0xff, 0xf0, 
  0xff, 0xff, 0xff, 0xfe, 0xf7, 0xff, 0xff, 0xff, 0xf0, 
  0xff, 0xff, 0xff, 0xff, 0x0f, 0xff, 0xff, 0xff, 0xf0, 
  0xff, 0xff, 0xff, 0xff, 0xff, 0xff, 0xff, 0xff, 0xf0, 
  0xff, 0xff, 0xff, 0xff, 0xff, 0xff, 0xff, 0xff, 0xf0, 
  0xff, 0xff, 0xff, 0xff, 0xf8, 0xff, 0xff, 0xff, 0xf0, 
  0xff, 0xff, 0xff, 0xff, 0xf7, 0x7f, 0xff, 0xff, 0xf0, 
  0xff, 0xff, 0xff, 0xff, 0xf7, 0x7f, 0xff, 0xff, 0xf0, 
  0xff, 0xff, 0xff, 0xff, 0xf7, 0x7f, 0xff, 0xff, 0xf0, 
  0xff, 0xff, 0xff, 0xff, 0xf8, 0xff, 0xff, 0xff, 0xf0, 
  0xff, 0xff, 0xff, 0xff, 0xff, 0xff, 0xff, 0xff, 0xf0, 
  0xff, 0xff, 0xff, 0xff, 0xff, 0xcf, 0xff, 0xff, 0xf0, 
  0xff, 0xff, 0xff, 0xff, 0xff, 0xb7, 0xff, 0xff, 0xf0, 
  0xff, 0xff, 0xff, 0xff, 0xff, 0xb7, 0xff, 0xff, 0xf0, 
  0xff, 0xff, 0xff, 0xff, 0xff, 0xcf, 0xff, 0xff, 0xf0, 
  0xff, 0xff, 0xff, 0xff, 0xff, 0xff, 0xff, 0xff, 0xf0, 
  0xff, 0xff, 0xff, 0xff, 0xff, 0xfc, 0x0f, 0xff, 0xf0, 
  0xff, 0xff, 0xff, 0xff, 0xff, 0xf3, 0xf3, 0xff, 0xf0, 
  0xff, 0xff, 0xff, 0xff, 0xff, 0xef, 0xfd, 0xff, 0xf0, 
  0xff, 0xff, 0xff, 0xff, 0xff, 0xdf, 0xfe, 0xff, 0xf0, 
  0xff, 0xff, 0xff, 0xff, 0xff, 0xb3, 0xf3, 0x7f, 0xf0, 
  0xff, 0xff, 0xff, 0xff, 0xff, 0x6d, 0xed, 0xbf, 0xf0, 
  0xff, 0xff, 0xff, 0xff, 0xff, 0x6d, 0xed, 0xbf, 0xf0, 
  0xff, 0xff, 0xff, 0xff, 0xfe, 0xe9, 0xe9, 0xdf, 0xf0, 
  0xff, 0xff, 0xff, 0xff, 0xfe, 0xf3, 0xf3, 0xdf, 0xf0, 
  0xff, 0xff, 0xff, 0xff, 0xfe, 0xff, 0xff, 0xdf, 0xf0, 
  0xff, 0xff, 0xff, 0xff, 0xfe, 0xff, 0xff, 0xdf, 0xf0, 
  0xff, 0xff, 0xff, 0xff, 0xff, 0x7f, 0xff, 0xbf, 0xf0, 
  0xff, 0xff, 0xff, 0xff, 0xff, 0x7f, 0xff, 0xbf, 0xf0, 
  0xff, 0xff, 0xff, 0xff, 0xff, 0xbf, 0x07, 0x7f, 0xf0, 
  0xff, 0xff, 0xff, 0xff, 0xff, 0x9f, 0xfe, 0xff, 0xf0, 
  0xff, 0xff, 0xff, 0xff, 0xff, 0x0f, 0xfd, 0xff, 0xf0, 
  0xff, 0xff, 0xff, 0xff, 0xfe, 0x33, 0xf3, 0xff, 0xf0, 
  0xff, 0xff, 0xff, 0xff, 0xfc, 0x7c, 0x0f, 0xff, 0xf0, 
  0xff, 0xff, 0xff, 0xff, 0xf8, 0xff, 0xff, 0xff, 0xf0, 
  0xff, 0xff, 0xff, 0xfc, 0x01, 0xff, 0xff, 0xff, 0xf0, 
  0xff, 0xff, 0xff, 0xe3, 0xe0, 0x7f, 0xff, 0xff, 0xf0, 
  0xff, 0xff, 0xff, 0x9f, 0xc7, 0x9f, 0xff, 0xff, 0xf0, 
  0xff, 0xff, 0xff, 0x7f, 0x8f, 0xef, 0xff, 0xff, 0xf0, 
  0xff, 0xff, 0xfe, 0xff, 0x9f, 0xf7, 0xff, 0xff, 0xf0, 
  0xff, 0xff, 0xf9, 0xff, 0xff, 0xf9, 0xff, 0xff, 0xf0, 
  0xff, 0xff, 0xf7, 0xff, 0xff, 0xfe, 0xff, 0xff, 0xf0, 
  0xff, 0xff, 0xf7, 0xff, 0xff, 0xfe, 0xff, 0xff, 0xf0, 
  0xff, 0xff, 0xef, 0xff, 0xff, 0xff, 0x7f, 0xff, 0xf0, 
  0xff, 0xff, 0xdf, 0xff, 0xff, 0xff, 0xbf, 0xff, 0xf0, 
  0xff, 0xff, 0xdf, 0xff, 0xff, 0xff, 0xbf, 0xff, 0xf0, 
  0xff, 0xff, 0xbf, 0xff, 0xff, 0xff, 0xdf, 0xff, 0xf0, 
  0xff, 0xff, 0xbf, 0xff, 0xff, 0xff, 0xdf, 0xff, 0xf0, 
  0xff, 0xff, 0x7f, 0xff, 0xff, 0xff, 0xef, 0xff, 0xf0, 
  0xff, 0xff, 0x7f, 0xff, 0xff, 0xff, 0xef, 0xff, 0xf0, 
  0xff, 0xff, 0x7f, 0xff, 0xff, 0xff, 0xef, 0xff, 0xf0, 
  0xff, 0xfe, 0xff, 0xff, 0xff, 0xff, 0xf7, 0xff, 0xf0, 
  0xff, 0xfe, 0xfe, 0xff, 0xff, 0xf7, 0xf7, 0xff, 0xf0, 
  0xff, 0xfe, 0xfe, 0xff, 0xff, 0xf7, 0xf7, 0xff, 0xf0, 
  0xff, 0xfe, 0xff, 0x7f, 0xff, 0xef, 0xf7, 0xff, 0xf0, 
  0xff, 0xfe, 0xff, 0x7f, 0xff, 0xef, 0xf7, 0xff, 0xf0, 
  0xff, 0xfe, 0xff, 0xbf, 0xff, 0xdf, 0xf7, 0xff, 0xf0, 
  0xff, 0xfe, 0xff, 0xbf, 0xff, 0xdf, 0xf7, 0xff, 0xf0, 
  0xff, 0xfe, 0xff, 0xbf, 0xff, 0xdf, 0xf7, 0xff, 0xf0, 
  0xff, 0xff, 0x7f, 0xdf, 0xff, 0xbf, 0xef, 0xff, 0xf0, 
  0xff, 0xff, 0x7f, 0xdf, 0xff, 0xbf, 0xef, 0xff, 0xf0, 
  0xff, 0xff, 0x7f, 0xef, 0xff, 0x7f, 0xef, 0xff, 0xf0, 
  0xff, 0xff, 0xbf, 0xef, 0xff, 0x7f, 0xdf, 0xff, 0xf0, 
  0xff, 0xff, 0xbf, 0xff, 0xff, 0xff, 0xdf, 0xff, 0xf0, 
  0xff, 0xff, 0xdf, 0xff, 0xff, 0xff, 0xbf, 0xff, 0xf0, 
  0xff, 0xff, 0xdf, 0xff, 0xff, 0xff, 0xbf, 0xff, 0xf0, 
  0xff, 0xff, 0xef, 0xff, 0xff, 0xff, 0x7f, 0xff, 0xf0, 
  0xff, 0xff, 0xf7, 0xff, 0xff, 0xfe, 0xff, 0xff, 0xf0, 
  0xff, 0xff, 0xf7, 0xff, 0xff, 0xfe, 0xff, 0xff, 0xf0, 
  0xff, 0xff, 0xf9, 0xff, 0xff, 0xf9, 0xff, 0xff, 0xf0, 
  0xff, 0xff, 0xfe, 0xff, 0xff, 0xf7, 0xff, 0xff, 0xf0, 
  0xff, 0xff, 0xff, 0x67, 0xfe, 0x6f, 0xff, 0xff, 0xf0, 
  0xff, 0xff, 0xff, 0x9f, 0xff, 0x9f, 0xff, 0xff, 0xf0, 
  0xff, 0xff, 0xfe, 0x63, 0xfc, 0x67, 0xff, 0xff, 0xf0, 
  0xff, 0xff, 0xf1, 0xfc, 0x03, 0xf8, 0xff, 0xff, 0xf0, 
  0xff, 0xff, 0xcf, 0xff, 0xff, 0xff, 0x3f, 0xff, 0xf0, 
  0xff, 0xff, 0x3f, 0xff, 0xff, 0xff, 0xcf, 0xff, 0xf0, 
  0xff, 0xff, 0xff, 0xff, 0xff, 0xff, 0xff, 0xff, 0xf0, 
  0xff, 0xff, 0xff, 0xff, 0xff, 0xff, 0xff, 0xff, 0xf0, 
  0xff, 0xff, 0xff, 0xff, 0xff, 0xff, 0xff, 0xff, 0xf0, 
  0xff, 0xff, 0xff, 0xff, 0xff, 0xff, 0xff, 0xff, 0xf0, 
  0xff, 0xff, 0xff, 0xff, 0xff, 0xff, 0xff, 0xff, 0xf0, 
  0xff, 0xff, 0xff, 0xff, 0xff, 0xff, 0xff, 0xff, 0xf0, 
  0xff, 0xff, 0xff, 0xff, 0xff, 0xff, 0xff, 0xff, 0xf0, 
  0xff, 0xff, 0xff, 0xff, 0xff, 0xff, 0xff, 0xff, 0xf0, 
  0xff, 0xff, 0xff, 0xff, 0xff, 0xff, 0xff, 0xff, 0xf0, 
  0xff, 0xff, 0xff, 0xff, 0xff, 0xff, 0xff, 0xff, 0xf0, 
  0xff, 0xff, 0xff, 0xff, 0xff, 0xff, 0xff, 0xff, 0xf0, 
  0xff, 0xff, 0xff, 0xff, 0xff, 0xff, 0xff, 0xff, 0xf0, 
  0xff, 0xff, 0xff, 0xff, 0xff, 0xff, 0xff, 0xff, 0xf0, 
  0xff, 0xff, 0xff, 0xff, 0xff, 0xff, 0xff, 0xff, 0xf0, 
};

const lv_img_dsc_t moo06 = {
  .header.cf = LV_IMG_CF_INDEXED_1BIT,
  .header.always_zero = 0,
  .header.reserved = 0,
  .header.w = 68,
  .header.h = 140,
  .data_size = 1268,
  .data = moo06_map,
};

#ifndef LV_ATTRIBUTE_IMG_MOO07
#define LV_ATTRIBUTE_IMG_MOO07
#endif

const LV_ATTRIBUTE_MEM_ALIGN LV_ATTRIBUTE_LARGE_CONST LV_ATTRIBUTE_IMG_MOO07 uint8_t moo07_map[] = {
#if CONFIG_NICE_VIEW_WIDGET_INVERTED
  0xff, 0xff, 0xff, 0xff, /*Color of index 0*/
  0x00, 0x00, 0x00, 0xff, /*Color of index 1*/
#else
  0x00, 0x00, 0x00, 0xff, /*Color of index 0*/
  0xff, 0xff, 0xff, 0xff, /*Color of index 1*/
#endif

  0xff, 0xff, 0xff, 0xff, 0xff, 0xff, 0xff, 0xff, 0xf0, 
  0xff, 0xff, 0xff, 0xff, 0xff, 0xff, 0xff, 0xff, 0xf0, 
  0xff, 0xff, 0xff, 0xff, 0xff, 0xff, 0xff, 0xff, 0xf0, 
  0xff, 0xff, 0xff, 0xff, 0xff, 0xff, 0xff, 0xff, 0xf0, 
  0xff, 0xff, 0xff, 0xff, 0xff, 0xff, 0xff, 0xff, 0xf0, 
  0xff, 0xff, 0xff, 0xff, 0xff, 0xff, 0xff, 0xff, 0xf0, 
  0xff, 0xff, 0xff, 0xff, 0xff, 0xff, 0xff, 0xff, 0xf0, 
  0xff, 0xff, 0xff, 0xff, 0xff, 0xff, 0xff, 0xff, 0xf0, 
  0xff, 0xff, 0xff, 0xff, 0xff, 0xff, 0xff, 0xff, 0xf0, 
  0xff, 0xff, 0xff, 0xff, 0xff, 0xff, 0xff, 0xff, 0xf0, 
  0xff, 0xff, 0xff, 0xff, 0xff, 0xff, 0xff, 0xff, 0xf0, 
  0xff, 0xff, 0xff, 0xc0, 0x00, 0x3f, 0xff, 0xff, 0xf0, 
  0xff, 0xff, 0xf0, 0x3f, 0xff, 0xc0, 0xff, 0xff, 0xf0, 
  0xff, 0xff, 0x0f, 0xff, 0xff, 0xff, 0x0f, 0xff, 0xf0, 
  0xff, 0xf8, 0xff, 0xff, 0xff, 0xff, 0xf1, 0xff, 0xf0, 
  0xff, 0xc7, 0xff, 0xff, 0xff, 0xff, 0xfe, 0x3f, 0xf0, 
  0xff, 0x3f, 0xff, 0xff, 0xff, 0xff, 0xff, 0xcf, 0xf0, 
  0xfe, 0xff, 0xff, 0xff, 0xff, 0xff, 0xff, 0xf7, 0xf0, 
  0xf9, 0xff, 0xff, 0xff, 0xff, 0xff, 0xff, 0xf9, 0xf0, 
  0xf7, 0x9f, 0x9e, 0x07, 0xff, 0xff, 0xff, 0xfe, 0xf0, 
  0xef, 0x9f, 0x9e, 0x07, 0xff, 0xff, 0xff, 0xff, 0x70, 
  0xdf, 0x86, 0x19, 0xf9, 0xff, 0xff, 0xff, 0xff, 0xb0, 
  0xdf, 0x86, 0x19, 0xf9, 0xff, 0xff, 0xff, 0xff, 0xb0, 
  0xbf, 0x99, 0x99, 0xf9, 0xff, 0xff, 0xff, 0xff, 0xd0, 
  0xbf, 0x99, 0x99, 0xf9, 0xff, 0xff, 0xff, 0xff, 0xd0, 
  0xbf, 0x9f, 0x99, 0xf9, 0xff, 0xff, 0xff, 0xff, 0xd0, 
  0xbf, 0x9f, 0x99, 0xf9, 0xff, 0xff, 0xff, 0xff, 0xd0, 
  0xdf, 0x9f, 0x99, 0xf9, 0xff, 0xff, 0xff, 0xff, 0xb0, 
  0xdf, 0x9f, 0x99, 0xf9, 0xff, 0xff, 0xff, 0xff, 0xb0, 
  0xef, 0x9f, 0x9e, 0x07, 0xff, 0xff, 0xff, 0xff, 0x70, 
  0xf7, 0x9f, 0x9e, 0x07, 0xff, 0xff, 0xff, 0xfe, 0xf0, 
  0xf9, 0xff, 0xff, 0xff, 0xff, 0xff, 0xff, 0xf9, 0xf0, 
  0xfe, 0xff, 0xff, 0xff, 0xff, 0xff, 0xff, 0xf7, 0xf0, 
  0xff, 0x3f, 0xff, 0xff, 0xff, 0xff, 0xff, 0xcf, 0xf0, 
  0xff, 0xc7, 0xff, 0xff, 0xff, 0xff, 0xfe, 0x3f, 0xf0, 
  0xff, 0xf8, 0xff, 0xff, 0xff, 0xff, 0xf1, 0xff, 0xf0, 
  0xff, 0xff, 0x0f, 0xff, 0xff, 0xff, 0x0f, 0xff, 0xf0, 
  0xff, 0xff, 0xf0, 0x3f, 0xff, 0xc0, 0xff, 0xff, 0xf0, 
  0xff, 0xff, 0xff, 0xc0, 0x00, 0x3f, 0xff, 0xff, 0xf0, 
  0xff, 0xff, 0xff, 0xff, 0xff, 0xff, 0xff, 0xff, 0xf0, 
  0xff, 0xff, 0xff, 0xff, 0xff, 0xff, 0xff, 0xff, 0xf0, 
  0xff, 0xff, 0xff, 0xff, 0xff, 0xff, 0xff, 0xff, 0xf0, 
  0xff, 0xff, 0xff, 0xff, 0x0f, 0xff, 0xff, 0xff, 0xf0, 
  0xff, 0xff, 0xff, 0xfe, 0xf7, 0xff, 0xff, 0xff, 0xf0, 
  0xff, 0xff, 0xff, 0xfd, 0xfb, 0xff, 0xff, 0xff, 0xf0, 
  0xff, 0xff, 0xff, 0xfb, 0xfd, 0xff, 0xff, 0xff, 0xf0, 
  0xff, 0xff, 0xff, 0xfb, 0xfd, 0xff, 0xff, 0xff, 0xf0, 
  0xff, 0xff, 0xff, 0xfb, 0xfd, 0xff, 0xff, 0xff, 0xf0, 
  0xff, 0xff, 0xff, 0xfb, 0xfd, 0xff, 0xff, 0xff, 0xf0, 
  0xff, 0xff, 0xff, 0xfd, 0xfb, 0xff, 0xff, 0xff, 0xf0, 
  0xff, 0xff, 0xff, 0xfe, 0xf7, 0xff, 0xff, 0xff, 0xf0, 
  0xff, 0xff, 0xff, 0xff, 0x0f, 0xff, 0xff, 0xff, 0xf0, 
  0xff, 0xff, 0xff, 0xff, 0xff, 0xff, 0xff, 0xff, 0xf0, 
  0xff, 0xff, 0xff, 0xff, 0xff, 0xff, 0xff, 0xff, 0xf0, 
  0xff, 0xff, 0xff, 0xff, 0xf8, 0xff, 0xff, 0xff, 0xf0, 
  0xff, 0xff, 0xff, 0xff, 0xf7, 0x7f, 0xff, 0xff, 0xf0, 
  0xff, 0xff, 0xff, 0xff, 0xf7, 0x7f, 0xff, 0xff, 0xf0, 
  0xff, 0xff, 0xff, 0xff, 0xf7, 0x7f, 0xff, 0xff, 0xf0, 
  0xff, 0xff, 0xff, 0xff, 0xf8, 0xff, 0xff, 0xff, 0xf0, 
  0xff, 0xff, 0xff, 0xff, 0xff, 0xff, 0xff, 0xff, 0xf0, 
  0xff, 0xff, 0xff, 0xff, 0xff, 0xcf, 0xff, 0xff, 0xf0, 
  0xff, 0xff, 0xff, 0xff, 0xff, 0xb7, 0xff, 0xff, 0xf0, 
  0xff, 0xff, 0xff, 0xff, 0xff, 0xb7, 0xff, 0xff, 0xf0, 
  0xff, 0xff, 0xff, 0xff, 0xff, 0xcf, 0xff, 0xff, 0xf0, 
  0xff, 0xff, 0xff, 0xff, 0xff, 0xff, 0xff, 0xff, 0xf0, 
  0xff, 0xff, 0xff, 0xff, 0xff, 0xfc, 0x0f, 0xff, 0xf0, 
  0xff, 0xff, 0xff, 0xff, 0xff, 0xf3, 0xf3, 0xff, 0xf0, 
  0xff, 0xff, 0xff, 0xff, 0xff, 0xef, 0xfd, 0xff, 0xf0, 
  0xff, 0xff, 0xff, 0xff, 0xff, 0xdf, 0xfe, 0xff, 0xf0, 
  0xff, 0xff, 0xff, 0xff, 0xff, 0xb3, 0xf3, 0x7f, 0xf0, 
  0xff, 0xff, 0xff, 0xff, 0xff, 0x6d, 0xed, 0xbf, 0xf0, 
  0xff, 0xff, 0xff, 0xff, 0xff, 0x6d, 0xed, 0xbf, 0xf0, 
  0xff, 0xff, 0xff, 0xff, 0xfe, 0xe9, 0xe9, 0xdf, 0xf0, 
  0xff, 0xff, 0xff, 0xff, 0xfe, 0xf3, 0xf3, 0xdf, 0xf0, 
  0xff, 0xff, 0xff, 0xff, 0xfe, 0xff, 0xff, 0xdf, 0xf0, 
  0xff, 0xff, 0xff, 0xff, 0xfe, 0xff, 0xff, 0xdf, 0xf0, 
  0xff, 0xff, 0xff, 0xff, 0xff, 0x7f, 0xff, 0xbf, 0xf0, 
  0xff, 0xff, 0xff, 0xff, 0xff, 0x7f, 0xff, 0xbf, 0xf0, 
  0xff, 0xff, 0xff, 0xff, 0xff, 0xbf, 0x07, 0x7f, 0xf0, 
  0xff, 0xff, 0xff, 0xff, 0xff, 0x9f, 0xfe, 0xff, 0xf0, 
  0xff, 0xff, 0xff, 0xff, 0xff, 0x0f, 0xfd, 0xff, 0xf0, 
  0xff, 0xff, 0xff, 0xff, 0xfe, 0x33, 0xf3, 0xff, 0xf0, 
  0xff, 0xff, 0xff, 0xff, 0xfc, 0x7c, 0x0f, 0xff, 0xf0, 
  0xff, 0xff, 0xff, 0xff, 0xf8, 0xff, 0xff, 0xff, 0xf0, 
  0xff, 0xff, 0xff, 0xfc, 0x01, 0xff, 0xff, 0xff, 0xf0, 
  0xff, 0xff, 0xff, 0xe3, 0xe0, 0x7f, 0xff, 0xff, 0xf0, 
  0xff, 0xff, 0xff, 0x9f, 0xc7, 0x9f, 0xff, 0xff, 0xf0, 
  0xff, 0xff, 0xff, 0x7f, 0x8f, 0xef, 0xff, 0xff, 0xf0, 
  0xff, 0xff, 0xfe, 0xff, 0x9f, 0xf7, 0xff, 0xff, 0xf0, 
  0xff, 0xff, 0xf9, 0xff, 0xff, 0xf9, 0xff, 0xff, 0xf0, 
  0xff, 0xff, 0xf7, 0xff, 0xff, 0xfe, 0xff, 0xff, 0xf0, 
  0xff, 0xff, 0xf7, 0xff, 0xff, 0xfe, 0xff, 0xff, 0xf0, 
  0xff, 0xff, 0xef, 0xff, 0xff, 0xff, 0x7f, 0xff, 0xf0, 
  0xff, 0xff, 0xdf, 0xff, 0xff, 0xff, 0xbf, 0xff, 0xf0, 
  0xff, 0xff, 0xdf, 0xff, 0xff, 0xff, 0xbf, 0xff, 0xf0, 
  0xff, 0xff, 0xbf, 0xff, 0xff, 0xff, 0xdf, 0xff, 0xf0, 
  0xff, 0xff, 0xbf, 0xff, 0xff, 0xff, 0xdf, 0xff, 0xf0, 
  0xff, 0xff, 0x7f, 0xff, 0xff, 0xff, 0xef, 0xff, 0xf0, 
  0xff, 0xff, 0x7f, 0xff, 0xff, 0xff, 0xef, 0xff, 0xf0, 
  0xff, 0xff, 0x7f, 0xff, 0xff, 0xff, 0xef, 0xff, 0xf0, 
  0xff, 0xfe, 0xff, 0xff, 0xff, 0xff, 0xf7, 0xff, 0xf0, 
  0xff, 0xfe, 0xfe, 0xff, 0xff, 0xf7, 0xf7, 0xff, 0xf0, 
  0xff, 0xfe, 0xfe, 0xff, 0xff, 0xf7, 0xf7, 0xff, 0xf0, 
  0xff, 0xfe, 0xff, 0x7f, 0xff, 0xef, 0xf7, 0xff, 0xf0, 
  0xff, 0xfe, 0xff, 0x7f, 0xff, 0xef, 0xf7, 0xff, 0xf0, 
  0xff, 0xfe, 0xff, 0xbf, 0xff, 0xdf, 0xf7, 0xff, 0xf0, 
  0xff, 0xfe, 0xff, 0xbf, 0xff, 0xdf, 0xf7, 0xff, 0xf0, 
  0xff, 0xfe, 0xff, 0xbf, 0xff, 0xdf, 0xf7, 0xff, 0xf0, 
  0xff, 0xff, 0x7f, 0xdf, 0xff, 0xbf, 0xef, 0xff, 0xf0, 
  0xff, 0xff, 0x7f, 0xdf, 0xff, 0xbf, 0xef, 0xff, 0xf0, 
  0xff, 0xff, 0x7f, 0xef, 0xff, 0x7f, 0xef, 0xff, 0xf0, 
  0xff, 0xff, 0xbf, 0xef, 0xff, 0x7f, 0xdf, 0xff, 0xf0, 
  0xff, 0xff, 0xbf, 0xff, 0xff, 0xff, 0xdf, 0xff, 0xf0, 
  0xff, 0xff, 0xdf, 0xff, 0xff, 0xff, 0xbf, 0xff, 0xf0, 
  0xff, 0xff, 0xdf, 0xff, 0xff, 0xff, 0xbf, 0xff, 0xf0, 
  0xff, 0xff, 0xef, 0xff, 0xff, 0xff, 0x7f, 0xff, 0xf0, 
  0xff, 0xff, 0xf7, 0xff, 0xff, 0xfe, 0xff, 0xff, 0xf0, 
  0xff, 0xff, 0xf7, 0xff, 0xff, 0xfe, 0xff, 0xff, 0xf0, 
  0xff, 0xff, 0xf9, 0xff, 0xff, 0xf9, 0xff, 0xff, 0xf0, 
  0xff, 0xff, 0xfe, 0xff, 0xff, 0xf7, 0xff, 0xff, 0xf0, 
  0xff, 0xff, 0xff, 0x67, 0xfe, 0x6f, 0xff, 0xff, 0xf0, 
  0xff, 0xff, 0xff, 0x9f, 0xff, 0x9f, 0xff, 0xff, 0xf0, 
  0xff, 0xff, 0xfe, 0x63, 0xfc, 0x67, 0xff, 0xff, 0xf0, 
  0xff, 0xff, 0xf1, 0xfc, 0x03, 0xf8, 0xff, 0xff, 0xf0, 
  0xff, 0xff, 0xcf, 0xff, 0xff, 0xff, 0x3f, 0xff, 0xf0, 
  0xff, 0xff, 0x3f, 0xff, 0xff, 0xff, 0xcf, 0xff, 0xf0, 
  0xff, 0xff, 0xff, 0xff, 0xff, 0xff, 0xff, 0xff, 0xf0, 
  0xff, 0xff, 0xff, 0xff, 0xff, 0xff, 0xff, 0xff, 0xf0, 
  0xff, 0xff, 0xff, 0xff, 0xff, 0xff, 0xff, 0xff, 0xf0, 
  0xff, 0xff, 0xff, 0xff, 0xff, 0xff, 0xff, 0xff, 0xf0, 
  0xff, 0xff, 0xff, 0xff, 0xff, 0xff, 0xff, 0xff, 0xf0, 
  0xff, 0xff, 0xff, 0xff, 0xff, 0xff, 0xff, 0xff, 0xf0, 
  0xff, 0xff, 0xff, 0xff, 0xff, 0xff, 0xff, 0xff, 0xf0, 
  0xff, 0xff, 0xff, 0xff, 0xff, 0xff, 0xff, 0xff, 0xf0, 
  0xff, 0xff, 0xff, 0xff, 0xff, 0xff, 0xff, 0xff, 0xf0, 
  0xff, 0xff, 0xff, 0xff, 0xff, 0xff, 0xff, 0xff, 0xf0, 
  0xff, 0xff, 0xff, 0xff, 0xff, 0xff, 0xff, 0xff, 0xf0, 
  0xff, 0xff, 0xff, 0xff, 0xff, 0xff, 0xff, 0xff, 0xf0, 
  0xff, 0xff, 0xff, 0xff, 0xff, 0xff, 0xff, 0xff, 0xf0, 
  0xff, 0xff, 0xff, 0xff, 0xff, 0xff, 0xff, 0xff, 0xf0, 
};

const lv_img_dsc_t moo07 = {
  .header.cf = LV_IMG_CF_INDEXED_1BIT,
  .header.always_zero = 0,
  .header.reserved = 0,
  .header.w = 68,
  .header.h = 140,
  .data_size = 1268,
  .data = moo07_map,
};

#ifndef LV_ATTRIBUTE_IMG_MOO08
#define LV_ATTRIBUTE_IMG_MOO08
#endif

const LV_ATTRIBUTE_MEM_ALIGN LV_ATTRIBUTE_LARGE_CONST LV_ATTRIBUTE_IMG_MOO08 uint8_t moo08_map[] = {
#if CONFIG_NICE_VIEW_WIDGET_INVERTED
  0xff, 0xff, 0xff, 0xff, /*Color of index 0*/
  0x00, 0x00, 0x00, 0xff, /*Color of index 1*/
#else
  0x00, 0x00, 0x00, 0xff, /*Color of index 0*/
  0xff, 0xff, 0xff, 0xff, /*Color of index 1*/
#endif

  0xff, 0xff, 0xff, 0xff, 0xff, 0xff, 0xff, 0xff, 0xf0, 
  0xff, 0xff, 0xff, 0xff, 0xff, 0xff, 0xff, 0xff, 0xf0, 
  0xff, 0xff, 0xff, 0xff, 0xff, 0xff, 0xff, 0xff, 0xf0, 
  0xff, 0xff, 0xff, 0xff, 0xff, 0xff, 0xff, 0xff, 0xf0, 
  0xff, 0xff, 0xff, 0xff, 0xff, 0xff, 0xff, 0xff, 0xf0, 
  0xff, 0xff, 0xff, 0xff, 0xff, 0xff, 0xff, 0xff, 0xf0, 
  0xff, 0xff, 0xff, 0xff, 0xff, 0xff, 0xff, 0xff, 0xf0, 
  0xff, 0xff, 0xff, 0xff, 0xff, 0xff, 0xff, 0xff, 0xf0, 
  0xff, 0xff, 0xff, 0xff, 0xff, 0xff, 0xff, 0xff, 0xf0, 
  0xff, 0xff, 0xff, 0xff, 0xff, 0xff, 0xff, 0xff, 0xf0, 
  0xff, 0xff, 0xff, 0xff, 0xff, 0xff, 0xff, 0xff, 0xf0, 
  0xff, 0xff, 0xff, 0xc0, 0x00, 0x3f, 0xff, 0xff, 0xf0, 
  0xff, 0xff, 0xf0, 0x3f, 0xff, 0xc0, 0xff, 0xff, 0xf0, 
  0xff, 0xff, 0x0f, 0xff, 0xff, 0xff, 0x0f, 0xff, 0xf0, 
  0xff, 0xf8, 0xff, 0xff, 0xff, 0xff, 0xf1, 0xff, 0xf0, 
  0xff, 0xc7, 0xff, 0xff, 0xff, 0xff, 0xfe, 0x3f, 0xf0, 
  0xff, 0x3f, 0xff, 0xff, 0xff, 0xff, 0xff, 0xcf, 0xf0, 
  0xfe, 0xff, 0xff, 0xff, 0xff, 0xff, 0xff, 0xf7, 0xf0, 
  0xf9, 0xff, 0xff, 0xff, 0xff, 0xff, 0xff, 0xf9, 0xf0, 
  0xf7, 0x9f, 0x9e, 0x07, 0xe0, 0x7f, 0xff, 0xfe, 0xf0, 
  0xef, 0x9f, 0x9e, 0x07, 0xe0, 0x7f, 0xff, 0xff, 0x70, 
  0xdf, 0x86, 0x19, 0xf9, 0x9f, 0x9f, 0xff, 0xff, 0xb0, 
  0xdf, 0x86, 0x19, 0xf9, 0x9f, 0x9f, 0xff, 0xff, 0xb0, 
  0xbf, 0x99, 0x99, 0xf9, 0x9f, 0x9f, 0xff, 0xff, 0xd0, 
  0xbf, 0x99, 0x99, 0xf9, 0x9f, 0x9f, 0xff, 0xff, 0xd0, 
  0xbf, 0x9f, 0x99, 0xf9, 0x9f, 0x9f, 0xff, 0xff, 0xd0, 
  0xbf, 0x9f, 0x99, 0xf9, 0x9f, 0x9f, 0xff, 0xff, 0xd0, 
  0xdf, 0x9f, 0x99, 0xf9, 0x9f, 0x9f, 0xff, 0xff, 0xb0, 
  0xdf, 0x9f, 0x99, 0xf9, 0x9f, 0x9f, 0xff, 0xff, 0xb0, 
  0xef, 0x9f, 0x9e, 0x07, 0xe0, 0x7f, 0xff, 0xff, 0x70, 
  0xf7, 0x9f, 0x9e, 0x07, 0xe0, 0x7f, 0xff, 0xfe, 0xf0, 
  0xf9, 0xff, 0xff, 0xff, 0xff, 0xff, 0xff, 0xf9, 0xf0, 
  0xfe, 0xff, 0xff, 0xff, 0xff, 0xff, 0xff, 0xf7, 0xf0, 
  0xff, 0x3f, 0xff, 0xff, 0xff, 0xff, 0xff, 0xcf, 0xf0, 
  0xff, 0xc7, 0xff, 0xff, 0xff, 0xff, 0xfe, 0x3f, 0xf0, 
  0xff, 0xf8, 0xff, 0xff, 0xff, 0xff, 0xf1, 0xff, 0xf0, 
  0xff, 0xff, 0x0f, 0xff, 0xff, 0xff, 0x0f, 0xff, 0xf0, 
  0xff, 0xff, 0xf0, 0x3f, 0xff, 0xc0, 0xff, 0xff, 0xf0, 
  0xff, 0xff, 0xff, 0xc0, 0x00, 0x3f, 0xff, 0xff, 0xf0, 
  0xff, 0xff, 0xff, 0xff, 0xff, 0xff, 0xff, 0xff, 0xf0, 
  0xff, 0xff, 0xff, 0xff, 0xff, 0xff, 0xff, 0xff, 0xf0, 
  0xff, 0xff, 0xff, 0xff, 0xff, 0xff, 0xff, 0xff, 0xf0, 
  0xff, 0xff, 0xff, 0xff, 0x0f, 0xff, 0xff, 0xff, 0xf0, 
  0xff, 0xff, 0xff, 0xfe, 0xf7, 0xff, 0xff, 0xff, 0xf0, 
  0xff, 0xff, 0xff, 0xfd, 0xfb, 0xff, 0xff, 0xff, 0xf0, 
  0xff, 0xff, 0xff, 0xfb, 0xfd, 0xff, 0xff, 0xff, 0xf0, 
  0xff, 0xff, 0xff, 0xfb, 0xfd, 0xff, 0xff, 0xff, 0xf0, 
  0xff, 0xff, 0xff, 0xfb, 0xfd, 0xff, 0xff, 0xff, 0xf0, 
  0xff, 0xff, 0xff, 0xfb, 0xfd, 0xff, 0xff, 0xff, 0xf0, 
  0xff, 0xff, 0xff, 0xfd, 0xfb, 0xff, 0xff, 0xff, 0xf0, 
  0xff, 0xff, 0xff, 0xfe, 0xf7, 0xff, 0xff, 0xff, 0xf0, 
  0xff, 0xff, 0xff, 0xff, 0x0f, 0xff, 0xff, 0xff, 0xf0, 
  0xff, 0xff, 0xff, 0xff, 0xff, 0xff, 0xff, 0xff, 0xf0, 
  0xff, 0xff, 0xff, 0xff, 0xff, 0xff, 0xff, 0xff, 0xf0, 
  0xff, 0xff, 0xff, 0xff, 0xf8, 0xff, 0xff, 0xff, 0xf0, 
  0xff, 0xff, 0xff, 0xff, 0xf7, 0x7f, 0xff, 0xff, 0xf0, 
  0xff, 0xff, 0xff, 0xff, 0xf7, 0x7f, 0xff, 0xff, 0xf0, 
  0xff, 0xff, 0xff, 0xff, 0xf7, 0x7f, 0xff, 0xff, 0xf0, 
  0xff, 0xff, 0xff, 0xff, 0xf8, 0xff, 0xff, 0xff, 0xf0, 
  0xff, 0xff, 0xff, 0xff, 0xff, 0xff, 0xff, 0xff, 0xf0, 
  0xff, 0xff, 0xff, 0xff, 0xff, 0xcf, 0xff, 0xff, 0xf0, 
  0xff, 0xff, 0xff, 0xff, 0xff, 0xb7, 0xff, 0xff, 0xf0, 
  0xff, 0xff, 0xff, 0xff, 0xff, 0xb7, 0xff, 0xff, 0xf0, 
  0xff, 0xff, 0xff, 0xff, 0xff, 0xcf, 0xff, 0xff, 0xf0, 
  0xff, 0xff, 0xff, 0xff, 0xff, 0xff, 0xff, 0xff, 0xf0, 
  0xff, 0xff, 0xff, 0xff, 0xff, 0xfc, 0x0f, 0xff, 0xf0, 
  0xff, 0xff, 0xff, 0xff, 0xff, 0xf3, 0xf3, 0xff, 0xf0, 
  0xff, 0xff, 0xff, 0xff, 0xff, 0xef, 0xfd, 0xff, 0xf0, 
  0xff, 0xff, 0xff, 0xff, 0xff, 0xdf, 0xfe, 0xff, 0xf0, 
  0xff, 0xff, 0xff, 0xff, 0xff, 0xb3, 0xf3, 0x7f, 0xf0, 
  0xff, 0xff, 0xff, 0xff, 0xff, 0x6d, 0xed, 0xbf, 0xf0, 
  0xff, 0xff, 0xff, 0xff, 0xff, 0x6d, 0xed, 0xbf, 0xf0, 
  0xff, 0xff, 0xff, 0xff, 0xfe, 0xe9, 0xe9, 0xdf, 0xf0, 
  0xff, 0xff, 0xff, 0xff, 0xfe, 0xf3, 0xf3, 0xdf, 0xf0, 
  0xff, 0xff, 0xff, 0xff, 0xfe, 0xff, 0xff, 0xdf, 0xf0, 
  0xff, 0xff, 0xff, 0xff, 0xfe, 0xff, 0xff, 0xdf, 0xf0, 
  0xff, 0xff, 0xff, 0xff, 0xff, 0x7f, 0xff, 0xbf, 0xf0, 
  0xff, 0xff, 0xff, 0xff, 0xff, 0x7f, 0xff, 0xbf, 0xf0, 
  0xff, 0xff, 0xff, 0xff, 0xff, 0xbf, 0x07, 0x7f, 0xf0, 
  0xff, 0xff, 0xff, 0xff, 0xff, 0x9f, 0xfe, 0xff, 0xf0, 
  0xff, 0xff, 0xff, 0xff, 0xff, 0x0f, 0xfd, 0xff, 0xf0, 
  0xff, 0xff, 0xff, 0xff, 0xfe, 0x33, 0xf3, 0xff, 0xf0, 
  0xff, 0xff, 0xff, 0xff, 0xfc, 0x7c, 0x0f, 0xff, 0xf0, 
  0xff, 0xff, 0xff, 0xff, 0xf8, 0xff, 0xff, 0xff, 0xf0, 
  0xff, 0xff, 0xff, 0xfc, 0x01, 0xff, 0xff, 0xff, 0xf0, 
  0xff, 0xff, 0xff, 0xe3, 0xe0, 0x7f, 0xff, 0xff, 0xf0, 
  0xff, 0xff, 0xff, 0x9f, 0xc7, 0x9f, 0xff, 0xff, 0xf0, 
  0xff, 0xff, 0xff, 0x7f, 0x8f, 0xef, 0xff, 0xff, 0xf0, 
  0xff, 0xff, 0xfe, 0xff, 0x9f, 0xf7, 0xff, 0xff, 0xf0, 
  0xff, 0xff, 0xf9, 0xff, 0xff, 0xf9, 0xff, 0xff, 0xf0, 
  0xff, 0xff, 0xf7, 0xff, 0xff, 0xfe, 0xff, 0xff, 0xf0, 
  0xff, 0xff, 0xf7, 0xff, 0xff, 0xfe, 0xff, 0xff, 0xf0, 
  0xff, 0xff, 0xef, 0xff, 0xff, 0xff, 0x7f, 0xff, 0xf0, 
  0xff, 0xff, 0xdf, 0xff, 0xff, 0xff, 0xbf, 0xff, 0xf0, 
  0xff, 0xff, 0xdf, 0xff, 0xff, 0xff, 0xbf, 0xff, 0xf0, 
  0xff, 0xff, 0xbf, 0xff, 0xff, 0xff, 0xdf, 0xff, 0xf0, 
  0xff, 0xff, 0xbf, 0xff, 0xff, 0xff, 0xdf, 0xff, 0xf0, 
  0xff, 0xff, 0x7f, 0xff, 0xff, 0xff, 0xef, 0xff, 0xf0, 
  0xff, 0xff, 0x7f, 0xff, 0xff, 0xff, 0xef, 0xff, 0xf0, 
  0xff, 0xff, 0x7f, 0xff, 0xff, 0xff, 0xef, 0xff, 0xf0, 
  0xff, 0xfe, 0xff, 0xff, 0xff, 0xff, 0xf7, 0xff, 0xf0, 
  0xff, 0xfe, 0xfe, 0xff, 0xff, 0xf7, 0xf7, 0xff, 0xf0, 
  0xff, 0xfe, 0xfe, 0xff, 0xff, 0xf7, 0xf7, 0xff, 0xf0, 
  0xff, 0xfe, 0xff, 0x7f, 0xff, 0xef, 0xf7, 0xff, 0xf0, 
  0xff, 0xfe, 0xff, 0x7f, 0xff, 0xef, 0xf7, 0xff, 0xf0, 
  0xff, 0xfe, 0xff, 0xbf, 0xff, 0xdf, 0xf7, 0xff, 0xf0, 
  0xff, 0xfe, 0xff, 0xbf, 0xff, 0xdf, 0xf7, 0xff, 0xf0, 
  0xff, 0xfe, 0xff, 0xbf, 0xff, 0xdf, 0xf7, 0xff, 0xf0, 
  0xff, 0xff, 0x7f, 0xdf, 0xff, 0xbf, 0xef, 0xff, 0xf0, 
  0xff, 0xff, 0x7f, 0xdf, 0xff, 0xbf, 0xef, 0xff, 0xf0, 
  0xff, 0xff, 0x7f, 0xef, 0xff, 0x7f, 0xef, 0xff, 0xf0, 
  0xff, 0xff, 0xbf, 0xef, 0xff, 0x7f, 0xdf, 0xff, 0xf0, 
  0xff, 0xff, 0xbf, 0xff, 0xff, 0xff, 0xdf, 0xff, 0xf0, 
  0xff, 0xff, 0xdf, 0xff, 0xff, 0xff, 0xbf, 0xff, 0xf0, 
  0xff, 0xff, 0xdf, 0xff, 0xff, 0xff, 0xbf, 0xff, 0xf0, 
  0xff, 0xff, 0xef, 0xff, 0xff, 0xff, 0x7f, 0xff, 0xf0, 
  0xff, 0xff, 0xf7, 0xff, 0xff, 0xfe, 0xff, 0xff, 0xf0, 
  0xff, 0xff, 0xf7, 0xff, 0xff, 0xfe, 0xff, 0xff, 0xf0, 
  0xff, 0xff, 0xf9, 0xff, 0xff, 0xf9, 0xff, 0xff, 0xf0, 
  0xff, 0xff, 0xfe, 0xff, 0xff, 0xf7, 0xff, 0xff, 0xf0, 
  0xff, 0xff, 0xff, 0x67, 0xfe, 0x6f, 0xff, 0xff, 0xf0, 
  0xff, 0xff, 0xff, 0x9f, 0xff, 0x9f, 0xff, 0xff, 0xf0, 
  0xff, 0xff, 0xfe, 0x63, 0xfc, 0x67, 0xff, 0xff, 0xf0, 
  0xff, 0xff, 0xf1, 0xfc, 0x03, 0xf8, 0xff, 0xff, 0xf0, 
  0xff, 0xff, 0xcf, 0xff, 0xff, 0xff, 0x3f, 0xff, 0xf0, 
  0xff, 0xff, 0x3f, 0xff, 0xff, 0xff, 0xcf, 0xff, 0xf0, 
  0xff, 0xff, 0xff, 0xff, 0xff, 0xff, 0xff, 0xff, 0xf0, 
  0xff, 0xff, 0xff, 0xff, 0xff, 0xff, 0xff, 0xff, 0xf0, 
  0xff, 0xff, 0xff, 0xff, 0xff, 0xff, 0xff, 0xff, 0xf0, 
  0xff, 0xff, 0xff, 0xff, 0xff, 0xff, 0xff, 0xff, 0xf0, 
  0xff, 0xff, 0xff, 0xff, 0xff, 0xff, 0xff, 0xff, 0xf0, 
  0xff, 0xff, 0xff, 0xff, 0xff, 0xff, 0xff, 0xff, 0xf0, 
  0xff, 0xff, 0xff, 0xff, 0xff, 0xff, 0xff, 0xff, 0xf0, 
  0xff, 0xff, 0xff, 0xff, 0xff, 0xff, 0xff, 0xff, 0xf0, 
  0xff, 0xff, 0xff, 0xff, 0xff, 0xff, 0xff, 0xff, 0xf0, 
  0xff, 0xff, 0xff, 0xff, 0xff, 0xff, 0xff, 0xff, 0xf0, 
  0xff, 0xff, 0xff, 0xff, 0xff, 0xff, 0xff, 0xff, 0xf0, 
  0xff, 0xff, 0xff, 0xff, 0xff, 0xff, 0xff, 0xff, 0xf0, 
  0xff, 0xff, 0xff, 0xff, 0xff, 0xff, 0xff, 0xff, 0xf0, 
  0xff, 0xff, 0xff, 0xff, 0xff, 0xff, 0xff, 0xff, 0xf0, 
};

const lv_img_dsc_t moo08 = {
  .header.cf = LV_IMG_CF_INDEXED_1BIT,
  .header.always_zero = 0,
  .header.reserved = 0,
  .header.w = 68,
  .header.h = 140,
  .data_size = 1268,
  .data = moo08_map,
};

#ifndef LV_ATTRIBUTE_IMG_MOO09
#define LV_ATTRIBUTE_IMG_MOO09
#endif

const LV_ATTRIBUTE_MEM_ALIGN LV_ATTRIBUTE_LARGE_CONST LV_ATTRIBUTE_IMG_MOO09 uint8_t moo09_map[] = {
#if CONFIG_NICE_VIEW_WIDGET_INVERTED
  0xff, 0xff, 0xff, 0xff, /*Color of index 0*/
  0x00, 0x00, 0x00, 0xff, /*Color of index 1*/
#else
  0x00, 0x00, 0x00, 0xff, /*Color of index 0*/
  0xff, 0xff, 0xff, 0xff, /*Color of index 1*/
#endif

  0xff, 0xff, 0xff, 0xff, 0xff, 0xff, 0xff, 0xff, 0xf0, 
  0xff, 0xff, 0xff, 0xff, 0xff, 0xff, 0xff, 0xff, 0xf0, 
  0xff, 0xff, 0xff, 0xff, 0xff, 0xff, 0xff, 0xff, 0xf0, 
  0xff, 0xff, 0xff, 0xff, 0xff, 0xff, 0xff, 0xff, 0xf0, 
  0xff, 0xff, 0xff, 0xff, 0xff, 0xff, 0xff, 0xff, 0xf0, 
  0xff, 0xff, 0xff, 0xff, 0xff, 0xff, 0xff, 0xff, 0xf0, 
  0xff, 0xff, 0xff, 0xff, 0xff, 0xff, 0xff, 0xff, 0xf0, 
  0xff, 0xff, 0xff, 0xff, 0xff, 0xff, 0xff, 0xff, 0xf0, 
  0xff, 0xff, 0xff, 0xff, 0xff, 0xff, 0xff, 0xff, 0xf0, 
  0xff, 0xff, 0xff, 0xff, 0xff, 0xff, 0xff, 0xff, 0xf0, 
  0xff, 0xff, 0xff, 0xff, 0xff, 0xff, 0xff, 0xff, 0xf0, 
  0xff, 0xff, 0xff, 0xc0, 0x00, 0x3f, 0xff, 0xff, 0xf0, 
  0xff, 0xff, 0xf0, 0x3f, 0xff, 0xc0, 0xff, 0xff, 0xf0, 
  0xff, 0xff, 0x0f, 0xff, 0xff, 0xff, 0x0f, 0xff, 0xf0, 
  0xff, 0xf8, 0xff, 0xff, 0xff, 0xff, 0xf1, 0xff, 0xf0, 
  0xff, 0xc7, 0xff, 0xff, 0xff, 0xff, 0xfe, 0x3f, 0xf0, 
  0xff, 0x3f, 0xff, 0xff, 0xff, 0xff, 0xff, 0xcf, 0xf0, 
  0xfe, 0xff, 0xff, 0xff, 0xff, 0xff, 0xff, 0xf7, 0xf0, 
  0xf9, 0xff, 0xff, 0xff, 0xff, 0xff, 0xff, 0xf9, 0xf0, 
  0xf7, 0x9f, 0x9e, 0x07, 0xe0, 0x7e, 0x07, 0xfe, 0xf0, 
  0xef, 0x9f, 0x9e, 0x07, 0xe0, 0x7e, 0x07, 0xff, 0x70, 
  0xdf, 0x86, 0x19, 0xf9, 0x9f, 0x99, 0xf9, 0xff, 0xb0, 
  0xdf, 0x86, 0x19, 0xf9, 0x9f, 0x99, 0xf9, 0xff, 0xb0, 
  0xbf, 0x99, 0x99, 0xf9, 0x9f, 0x99, 0xf9, 0xff, 0xd0, 
  0xbf, 0x99, 0x99, 0xf9, 0x9f, 0x99, 0xf9, 0xff, 0xd0, 
  0xbf, 0x9f, 0x99, 0xf9, 0x9f, 0x99, 0xf9, 0xff, 0xd0, 
  0xbf, 0x9f, 0x99, 0xf9, 0x9f, 0x99, 0xf9, 0xff, 0xd0, 
  0xdf, 0x9f, 0x99, 0xf9, 0x9f, 0x99, 0xf9, 0xff, 0xb0, 
  0xdf, 0x9f, 0x99, 0xf9, 0x9f, 0x99, 0xf9, 0xff, 0xb0, 
  0xef, 0x9f, 0x9e, 0x07, 0xe0, 0x7e, 0x07, 0xff, 0x70, 
  0xf7, 0x9f, 0x9e, 0x07, 0xe0, 0x7e, 0x07, 0xfe, 0xf0, 
  0xf9, 0xff, 0xff, 0xff, 0xff, 0xff, 0xff, 0xf9, 0xf0, 
  0xfe, 0xff, 0xff, 0xff, 0xff, 0xff, 0xff, 0xf7, 0xf0, 
  0xff, 0x3f, 0xff, 0xff, 0xff, 0xff, 0xff, 0xcf, 0xf0, 
  0xff, 0xc7, 0xff, 0xff, 0xff, 0xff, 0xfe, 0x3f, 0xf0, 
  0xff, 0xf8, 0xff, 0xff, 0xff, 0xff, 0xf1, 0xff, 0xf0, 
  0xff, 0xff, 0x0f, 0xff, 0xff, 0xff, 0x0f, 0xff, 0xf0, 
  0xff, 0xff, 0xf0, 0x3f, 0xff, 0xc0, 0xff, 0xff, 0xf0, 
  0xff, 0xff, 0xff, 0xc0, 0x00, 0x3f, 0xff, 0xff, 0xf0, 
  0xff, 0xff, 0xff, 0xff, 0xff, 0xff, 0xff, 0xff, 0xf0, 
  0xff, 0xff, 0xff, 0xff, 0xff, 0xff, 0xff, 0xff, 0xf0, 
  0xff, 0xff, 0xff, 0xff, 0xff, 0xff, 0xff, 0xff, 0xf0, 
  0xff, 0xff, 0xff, 0xff, 0x0f, 0xff, 0xff, 0xff, 0xf0, 
  0xff, 0xff, 0xff, 0xfe, 0xf7, 0xff, 0xff, 0xff, 0xf0, 
  0xff, 0xff, 0xff, 0xfd, 0xfb, 0xff, 0xff, 0xff, 0xf0, 
  0xff, 0xff, 0xff, 0xfb, 0xfd, 0xff, 0xff, 0xff, 0xf0, 
  0xff, 0xff, 0xff, 0xfb, 0xfd, 0xff, 0xff, 0xff, 0xf0, 
  0xff, 0xff, 0xff, 0xfb, 0xfd, 0xff, 0xff, 0xff, 0xf0, 
  0xff, 0xff, 0xff, 0xfb, 0xfd, 0xff, 0xff, 0xff, 0xf0, 
  0xff, 0xff, 0xff, 0xfd, 0xfb, 0xff, 0xff, 0xff, 0xf0, 
  0xff, 0xff, 0xff, 0xfe, 0xf7, 0xff, 0xff, 0xff, 0xf0, 
  0xff, 0xff, 0xff, 0xff, 0x0f, 0xff, 0xff, 0xff, 0xf0, 
  0xff, 0xff, 0xff, 0xff, 0xff, 0xff, 0xff, 0xff, 0xf0, 
  0xff, 0xff, 0xff, 0xff, 0xff, 0xff, 0xff, 0xff, 0xf0, 
  0xff, 0xff, 0xff, 0xff, 0xf8, 0xff, 0xff, 0xff, 0xf0, 
  0xff, 0xff, 0xff, 0xff, 0xf7, 0x7f, 0xff, 0xff, 0xf0, 
  0xff, 0xff, 0xff, 0xff, 0xf7, 0x7f, 0xff, 0xff, 0xf0, 
  0xff, 0xff, 0xff, 0xff, 0xf7, 0x7f, 0xff, 0xff, 0xf0, 
  0xff, 0xff, 0xff, 0xff, 0xf8, 0xff, 0xff, 0xff, 0xf0, 
  0xff, 0xff, 0xff, 0xff, 0xff, 0xff, 0xff, 0xff, 0xf0, 
  0xff, 0xff, 0xff, 0xff, 0xff, 0xcf, 0xff, 0xff, 0xf0, 
  0xff, 0xff, 0xff, 0xff, 0xff, 0xb7, 0xff, 0xff, 0xf0, 
  0xff, 0xff, 0xff, 0xff, 0xff, 0xb7, 0xff, 0xff, 0xf0, 
  0xff, 0xff, 0xff, 0xff, 0xff, 0xcf, 0xff, 0xff, 0xf0, 
  0xff, 0xff, 0xff, 0xff, 0xff, 0xff, 0xff, 0xff, 0xf0, 
  0xff, 0xff, 0xff, 0xff, 0xff, 0xfc, 0x0f, 0xff, 0xf0, 
  0xff, 0xff, 0xff, 0xff, 0xff, 0xf3, 0xf3, 0xff, 0xf0, 
  0xff, 0xff, 0xff, 0xff, 0xff, 0xef, 0xfd, 0xff, 0xf0, 
  0xff, 0xff, 0xff, 0xff, 0xff, 0xdf, 0xfe, 0xff, 0xf0, 
  0xff, 0xff, 0xff, 0xff, 0xff, 0xb3, 0xf3, 0x7f, 0xf0, 
  0xff, 0xff, 0xff, 0xff, 0xff, 0x6d, 0xed, 0xbf, 0xf0, 
  0xff, 0xff, 0xff, 0xff, 0xff, 0x6d, 0xed, 0xbf, 0xf0, 
  0xff, 0xff, 0xff, 0xff, 0xfe, 0xe9, 0xe9, 0xdf, 0xf0, 
  0xff, 0xff, 0xff, 0xff, 0xfe, 0xf3, 0xf3, 0xdf, 0xf0, 
  0xff, 0xff, 0xff, 0xff, 0xfe, 0xff, 0xff, 0xdf, 0xf0, 
  0xff, 0xff, 0xff, 0xff, 0xfe, 0xff, 0xff, 0xdf, 0xf0, 
  0xff, 0xff, 0xff, 0xff, 0xff, 0x7f, 0xff, 0xbf, 0xf0, 
  0xff, 0xff, 0xff, 0xff, 0xff, 0x7f, 0xff, 0xbf, 0xf0, 
  0xff, 0xff, 0xff, 0xff, 0xff, 0xbf, 0x07, 0x7f, 0xf0, 
  0xff, 0xff, 0xff, 0xff, 0xff, 0x9f, 0xfe, 0xff, 0xf0, 
  0xff, 0xff, 0xff, 0xff, 0xff, 0x0f, 0xfd, 0xff, 0xf0, 
  0xff, 0xff, 0xff, 0xff, 0xfe, 0x33, 0xf3, 0xff, 0xf0, 
  0xff, 0xff, 0xff, 0xff, 0xfc, 0x7c, 0x0f, 0xff, 0xf0, 
  0xff, 0xff, 0xff, 0xff, 0xf8, 0xff, 0xff, 0xff, 0xf0, 
  0xff, 0xff, 0xff, 0xfc, 0x01, 0xff, 0xff, 0xff, 0xf0, 
  0xff, 0xff, 0xff, 0xe3, 0xe0, 0x7f, 0xff, 0xff, 0xf0, 
  0xff, 0xff, 0xff, 0x9f, 0xc7, 0x9f, 0xff, 0xff, 0xf0, 
  0xff, 0xff, 0xff, 0x7f, 0x8f, 0xef, 0xff, 0xff, 0xf0, 
  0xff, 0xff, 0xfe, 0xff, 0x9f, 0xf7, 0xff, 0xff, 0xf0, 
  0xff, 0xff, 0xf9, 0xff, 0xff, 0xf9, 0xff, 0xff, 0xf0, 
  0xff, 0xff, 0xf7, 0xff, 0xff, 0xfe, 0xff, 0xff, 0xf0, 
  0xff, 0xff, 0xf7, 0xff, 0xff, 0xfe, 0xff, 0xff, 0xf0, 
  0xff, 0xff, 0xef, 0xff, 0xff, 0xff, 0x7f, 0xff, 0xf0, 
  0xff, 0xff, 0xdf, 0xff, 0xff, 0xff, 0xbf, 0xff, 0xf0, 
  0xff, 0xff, 0xdf, 0xff, 0xff, 0xff, 0xbf, 0xff, 0xf0, 
  0xff, 0xff, 0xbf, 0xff, 0xff, 0xff, 0xdf, 0xff, 0xf0, 
  0xff, 0xff, 0xbf, 0xff, 0xff, 0xff, 0xdf, 0xff, 0xf0, 
  0xff, 0xff, 0x7f, 0xff, 0xff, 0xff, 0xef, 0xff, 0xf0, 
  0xff, 0xff, 0x7f, 0xff, 0xff, 0xff, 0xef, 0xff, 0xf0, 
  0xff, 0xff, 0x7f, 0xff, 0xff, 0xff, 0xef, 0xff, 0xf0, 
  0xff, 0xfe, 0xff, 0xff, 0xff, 0xff, 0xf7, 0xff, 0xf0, 
  0xff, 0xfe, 0xfe, 0xff, 0xff, 0xf7, 0xf7, 0xff, 0xf0, 
  0xff, 0xfe, 0xfe, 0xff, 0xff, 0xf7, 0xf7, 0xff, 0xf0, 
  0xff, 0xfe, 0xff, 0x7f, 0xff, 0xef, 0xf7, 0xff, 0xf0, 
  0xff, 0xfe, 0xff, 0x7f, 0xff, 0xef, 0xf7, 0xff, 0xf0, 
  0xff, 0xfe, 0xff, 0xbf, 0xff, 0xdf, 0xf7, 0xff, 0xf0, 
  0xff, 0xfe, 0xff, 0xbf, 0xff, 0xdf, 0xf7, 0xff, 0xf0, 
  0xff, 0xfe, 0xff, 0xbf, 0xff, 0xdf, 0xf7, 0xff, 0xf0, 
  0xff, 0xff, 0x7f, 0xdf, 0xff, 0xbf, 0xef, 0xff, 0xf0, 
  0xff, 0xff, 0x7f, 0xdf, 0xff, 0xbf, 0xef, 0xff, 0xf0, 
  0xff, 0xff, 0x7f, 0xef, 0xff, 0x7f, 0xef, 0xff, 0xf0, 
  0xff, 0xff, 0xbf, 0xef, 0xff, 0x7f, 0xdf, 0xff, 0xf0, 
  0xff, 0xff, 0xbf, 0xff, 0xff, 0xff, 0xdf, 0xff, 0xf0, 
  0xff, 0xff, 0xdf, 0xff, 0xff, 0xff, 0xbf, 0xff, 0xf0, 
  0xff, 0xff, 0xdf, 0xff, 0xff, 0xff, 0xbf, 0xff, 0xf0, 
  0xff, 0xff, 0xef, 0xff, 0xff, 0xff, 0x7f, 0xff, 0xf0, 
  0xff, 0xff, 0xf7, 0xff, 0xff, 0xfe, 0xff, 0xff, 0xf0, 
  0xff, 0xff, 0xf7, 0xff, 0xff, 0xfe, 0xff, 0xff, 0xf0, 
  0xff, 0xff, 0xf9, 0xff, 0xff, 0xf9, 0xff, 0xff, 0xf0, 
  0xff, 0xff, 0xfe, 0xff, 0xff, 0xf7, 0xff, 0xff, 0xf0, 
  0xff, 0xff, 0xff, 0x67, 0xfe, 0x6f, 0xff, 0xff, 0xf0, 
  0xff, 0xff, 0xff, 0x9f, 0xff, 0x9f, 0xff, 0xff, 0xf0, 
  0xff, 0xff, 0xfe, 0x63, 0xfc, 0x67, 0xff, 0xff, 0xf0, 
  0xff, 0xff, 0xf1, 0xfc, 0x03, 0xf8, 0xff, 0xff, 0xf0, 
  0xff, 0xff, 0xcf, 0xff, 0xff, 0xff, 0x3f, 0xff, 0xf0, 
  0xff, 0xff, 0x3f, 0xff, 0xff, 0xff, 0xcf, 0xff, 0xf0, 
  0xff, 0xff, 0xff, 0xff, 0xff, 0xff, 0xff, 0xff, 0xf0, 
  0xff, 0xff, 0xff, 0xff, 0xff, 0xff, 0xff, 0xff, 0xf0, 
  0xff, 0xff, 0xff, 0xff, 0xff, 0xff, 0xff, 0xff, 0xf0, 
  0xff, 0xff, 0xff, 0xff, 0xff, 0xff, 0xff, 0xff, 0xf0, 
  0xff, 0xff, 0xff, 0xff, 0xff, 0xff, 0xff, 0xff, 0xf0, 
  0xff, 0xff, 0xff, 0xff, 0xff, 0xff, 0xff, 0xff, 0xf0, 
  0xff, 0xff, 0xff, 0xff, 0xff, 0xff, 0xff, 0xff, 0xf0, 
  0xff, 0xff, 0xff, 0xff, 0xff, 0xff, 0xff, 0xff, 0xf0, 
  0xff, 0xff, 0xff, 0xff, 0xff, 0xff, 0xff, 0xff, 0xf0, 
  0xff, 0xff, 0xff, 0xff, 0xff, 0xff, 0xff, 0xff, 0xf0, 
  0xff, 0xff, 0xff, 0xff, 0xff, 0xff, 0xff, 0xff, 0xf0, 
  0xff, 0xff, 0xff, 0xff, 0xff, 0xff, 0xff, 0xff, 0xf0, 
  0xff, 0xff, 0xff, 0xff, 0xff, 0xff, 0xff, 0xff, 0xf0, 
  0xff, 0xff, 0xff, 0xff, 0xff, 0xff, 0xff, 0xff, 0xf0, 
};

const lv_img_dsc_t moo09 = {
  .header.cf = LV_IMG_CF_INDEXED_1BIT,
  .header.always_zero = 0,
  .header.reserved = 0,
  .header.w = 68,
  .header.h = 140,
  .data_size = 1268,
  .data = moo09_map,
};

#ifndef LV_ATTRIBUTE_IMG_MOO10
#define LV_ATTRIBUTE_IMG_MOO10
#endif

const LV_ATTRIBUTE_MEM_ALIGN LV_ATTRIBUTE_LARGE_CONST LV_ATTRIBUTE_IMG_MOO10 uint8_t moo10_map[] = {
#if CONFIG_NICE_VIEW_WIDGET_INVERTED
  0xff, 0xff, 0xff, 0xff, /*Color of index 0*/
  0x00, 0x00, 0x00, 0xff, /*Color of index 1*/
#else
  0x00, 0x00, 0x00, 0xff, /*Color of index 0*/
  0xff, 0xff, 0xff, 0xff, /*Color of index 1*/
#endif

  0xff, 0xff, 0xff, 0xff, 0xff, 0xff, 0xff, 0xff, 0xf0, 
  0xff, 0xff, 0xff, 0xff, 0xff, 0xff, 0xff, 0xff, 0xf0, 
  0xff, 0xff, 0xff, 0xff, 0xff, 0xff, 0xff, 0xff, 0xf0, 
  0xff, 0xff, 0xff, 0xff, 0xff, 0xff, 0xff, 0xff, 0xf0, 
  0xff, 0xff, 0xff, 0xff, 0xff, 0xff, 0xff, 0xff, 0xf0, 
  0xff, 0xff, 0xff, 0xff, 0xff, 0xff, 0xff, 0xff, 0xf0, 
  0xff, 0xff, 0xff, 0xff, 0xff, 0xff, 0xff, 0xff, 0xf0, 
  0xff, 0xff, 0xff, 0xff, 0xff, 0xff, 0xff, 0xff, 0xf0, 
  0xff, 0xff, 0xff, 0xff, 0xff, 0xff, 0xff, 0xff, 0xf0, 
  0xff, 0xff, 0xff, 0xff, 0xff, 0xff, 0xff, 0xff, 0xf0, 
  0xff, 0xff, 0xff, 0xff, 0xff, 0xff, 0xff, 0xff, 0xf0, 
  0xff, 0xff, 0xff, 0xc0, 0x00, 0x3f, 0xff, 0xff, 0xf0, 
  0xff, 0xff, 0xf0, 0x3f, 0xff, 0xc0, 0xff, 0xff, 0xf0, 
  0xff, 0xff, 0x0f, 0xff, 0xff, 0xff, 0x0f, 0xff, 0xf0, 
  0xff, 0xf8, 0xff, 0xff, 0xff, 0xff, 0xf1, 0xff, 0xf0, 
  0xff, 0xc7, 0xff, 0xff, 0xff, 0xff, 0xfe, 0x3f, 0xf0, 
  0xff, 0x3f, 0xff, 0xff, 0xff, 0xff, 0xff, 0xcf, 0xf0, 
  0xfe, 0xff, 0xff, 0xff, 0xff, 0xff, 0xff, 0xf7, 0xf0, 
  0xf9, 0xff, 0xff, 0xff, 0xff, 0xff, 0xff, 0xf9, 0xf0, 
  0xf7, 0x9f, 0x9e, 0x07, 0xe0, 0x7e, 0x07, 0x9e, 0xf0, 
  0xef, 0x9f, 0x9e, 0x07, 0xe0, 0x7e, 0x07, 0x9f, 0x70, 
  0xdf, 0x86, 0x19, 0xf9, 0x9f, 0x99, 0xf9, 0x9f, 0xb0, 
  0xdf, 0x86, 0x19, 0xf9, 0x9f, 0x99, 0xf9, 0x9f, 0xb0, 
  0xbf, 0x99, 0x99, 0xf9, 0x9f, 0x99, 0xf9, 0x9f, 0xd0, 
  0xbf, 0x99, 0x99, 0xf9, 0x9f, 0x99, 0xf9, 0x9f, 0xd0, 
  0xbf, 0x9f, 0x99, 0xf9, 0x9f, 0x99, 0xf9, 0x9f, 0xd0, 
  0xbf, 0x9f, 0x99, 0xf9, 0x9f, 0x99, 0xf9, 0x9f, 0xd0, 
  0xdf, 0x9f, 0x99, 0xf9, 0x9f, 0x99, 0xf9, 0xff, 0xb0, 
  0xdf, 0x9f, 0x99, 0xf9, 0x9f, 0x99, 0xf9, 0xff, 0xb0, 
  0xef, 0x9f, 0x9e, 0x07, 0xe0, 0x7e, 0x07, 0x9f, 0x70, 
  0xf7, 0x9f, 0x9e, 0x07, 0xe0, 0x7e, 0x07, 0x9e, 0xf0, 
  0xf9, 0xff, 0xff, 0xff, 0xff, 0xff, 0xff, 0xf9, 0xf0, 
  0xfe, 0xff, 0xff, 0xff, 0xff, 0xff, 0xff, 0xf7, 0xf0, 
  0xff, 0x3f, 0xff, 0xff, 0xff, 0xff, 0xff, 0xcf, 0xf0, 
  0xff, 0xc7, 0xff, 0xff, 0xff, 0xff, 0xfe, 0x3f, 0xf0, 
  0xff, 0xf8, 0xff, 0xff, 0xff, 0xff, 0xf1, 0xff, 0xf0, 
  0xff, 0xff, 0x0f, 0xff, 0xff, 0xff, 0x0f, 0xff, 0xf0, 
  0xff, 0xff, 0xf0, 0x3f, 0xff, 0xc0, 0xff, 0xff, 0xf0, 
  0xff, 0xff, 0xff, 0xc0, 0x00, 0x3f, 0xff, 0xff, 0xf0, 
  0xff, 0xff, 0xff, 0xff, 0xff, 0xff, 0xff, 0xff, 0xf0, 
  0xff, 0xff, 0xff, 0xff, 0xff, 0xff, 0xff, 0xff, 0xf0, 
  0xff, 0xff, 0xff, 0xff, 0xff, 0xff, 0xff, 0xff, 0xf0, 
  0xff, 0xff, 0xff, 0xff, 0x0f, 0xff, 0xff, 0xff, 0xf0, 
  0xff, 0xff, 0xff, 0xfe, 0xf7, 0xff, 0xff, 0xff, 0xf0, 
  0xff, 0xff, 0xff, 0xfd, 0xfb, 0xff, 0xff, 0xff, 0xf0, 
  0xff, 0xff, 0xff, 0xfb, 0xfd, 0xff, 0xff, 0xff, 0xf0, 
  0xff, 0xff, 0xff, 0xfb, 0xfd, 0xff, 0xff, 0xff, 0xf0, 
  0xff, 0xff, 0xff, 0xfb, 0xfd, 0xff, 0xff, 0xff, 0xf0, 
  0xff, 0xff, 0xff, 0xfb, 0xfd, 0xff, 0xff, 0xff, 0xf0, 
  0xff, 0xff, 0xff, 0xfd, 0xfb, 0xff, 0xff, 0xff, 0xf0, 
  0xff, 0xff, 0xff, 0xfe, 0xf7, 0xff, 0xff, 0xff, 0xf0, 
  0xff, 0xff, 0xff, 0xff, 0x0f, 0xff, 0xff, 0xff, 0xf0, 
  0xff, 0xff, 0xff, 0xff, 0xff, 0xff, 0xff, 0xff, 0xf0, 
  0xff, 0xff, 0xff, 0xff, 0xff, 0xff, 0xff, 0xff, 0xf0, 
  0xff, 0xff, 0xff, 0xff, 0xf8, 0xff, 0xff, 0xff, 0xf0, 
  0xff, 0xff, 0xff, 0xff, 0xf7, 0x7f, 0xff, 0xff, 0xf0, 
  0xff, 0xff, 0xff, 0xff, 0xf7, 0x7f, 0xff, 0xff, 0xf0, 
  0xff, 0xff, 0xff, 0xff, 0xf7, 0x7f, 0xff, 0xff, 0xf0, 
  0xff, 0xff, 0xff, 0xff, 0xf8, 0xff, 0xff, 0xff, 0xf0, 
  0xff, 0xff, 0xff, 0xff, 0xff, 0xff, 0xff, 0xff, 0xf0, 
  0xff, 0xff, 0xff, 0xff, 0xff, 0xcf, 0xff, 0xff, 0xf0, 
  0xff, 0xff, 0xff, 0xff, 0xff, 0xb7, 0xff, 0xff, 0xf0, 
  0xff, 0xff, 0xff, 0xff, 0xff, 0xb7, 0xff, 0xff, 0xf0, 
  0xff, 0xff, 0xff, 0xff, 0xff, 0xcf, 0xff, 0xff, 0xf0, 
  0xff, 0xff, 0xff, 0xff, 0xff, 0xff, 0xff, 0xff, 0xf0, 
  0xff, 0xff, 0xff, 0xff, 0xff, 0xfc, 0x0f, 0xff, 0xf0, 
  0xff, 0xff, 0xff, 0xff, 0xff, 0xf3, 0xf3, 0xff, 0xf0, 
  0xff, 0xff, 0xff, 0xff, 0xff, 0xef, 0xfd, 0xff, 0xf0, 
  0xff, 0xff, 0xff, 0xff, 0xff, 0xdf, 0xfe, 0xff, 0xf0, 
  0xff, 0xff, 0xff, 0xff, 0xff, 0xb3, 0xf3, 0x7f, 0xf0, 
  0xff, 0xff, 0xff, 0xff, 0xff, 0x69, 0xe9, 0xbf, 0xf0, 
  0xff, 0xff, 0xff, 0xff, 0xff, 0x6d, 0xed, 0xbf, 0xf0, 
  0xff, 0xff, 0xff, 0xff, 0xfe, 0xed, 0xed, 0xdf, 0xf0, 
  0xff, 0xff, 0xff, 0xff, 0xfe, 0xf3, 0xf3, 0xdf, 0xf0, 
  0xff, 0xff, 0xff, 0xff, 0xfe, 0xff, 0xff, 0xdf, 0xf0, 
  0xff, 0xff, 0xff, 0xff, 0xfe, 0xff, 0xff, 0xdf, 0xf0, 
  0xff, 0xff, 0xff, 0xff, 0xff, 0x7f, 0xff, 0xbf, 0xf0, 
  0xff, 0xff, 0xff, 0xff, 0xff, 0x7f, 0xff, 0xbf, 0xf0, 
  0xff, 0xff, 0xff, 0xff, 0xff, 0xbf, 0x07, 0x7f, 0xf0, 
  0xff, 0xff, 0xff, 0xff, 0xff, 0x9f, 0xfe, 0xff, 0xf0, 
  0xff, 0xff, 0xff, 0xff, 0xff, 0x0f, 0xfd, 0xff, 0xf0, 
  0xff, 0xff, 0xff, 0xff, 0xfe, 0x33, 0xf3, 0xff, 0xf0, 
  0xff, 0xff, 0xff, 0xff, 0xfc, 0x7c, 0x0f, 0xff, 0xf0, 
  0xff, 0xff, 0xff, 0xff, 0xf8, 0xff, 0xff, 0xff, 0xf0, 
  0xff, 0xff, 0xff, 0xfc, 0x01, 0xff, 0xff, 0xff, 0xf0, 
  0xff, 0xff, 0xff, 0xe3, 0xe0, 0x7f, 0xff, 0xff, 0xf0, 
  0xff, 0xff, 0xff, 0x9f, 0xc7, 0x9f, 0xff, 0xff, 0xf0, 
  0xff, 0xff, 0xff, 0x7f, 0x8f, 0xef, 0xff, 0xff, 0xf0, 
  0xff, 0xff, 0xfe, 0xff, 0x9f, 0xf7, 0xff, 0xff, 0xf0, 
  0xff, 0xff, 0xf9, 0xff, 0xff, 0xf9, 0xff, 0xff, 0xf0, 
  0xff, 0xff, 0xf7, 0xff, 0xff, 0xfe, 0xff, 0xff, 0xf0, 
  0xff, 0xff, 0xf7, 0xff, 0xff, 0xfe, 0xff, 0xff, 0xf0, 
  0xff, 0xff, 0xef, 0xff, 0xff, 0xff, 0x7f, 0xff, 0xf0, 
  0xff, 0xff, 0xdf, 0xff, 0xff, 0xff, 0xbf, 0xff, 0xf0, 
  0xff, 0xff, 0xdf, 0xff, 0xff, 0xff, 0xbf, 0xff, 0xf0, 
  0xff, 0xff, 0xbf, 0xff, 0xff, 0xff, 0xdf, 0xff, 0xf0, 
  0xff, 0xff, 0xbf, 0xff, 0xff, 0xff, 0xdf, 0xff, 0xf0, 
  0xff, 0xff, 0x7f, 0xff, 0xff, 0xff, 0xef, 0xff, 0xf0, 
  0xff, 0xff, 0x7f, 0xff, 0xff, 0xff, 0xef, 0xff, 0xf0, 
  0xff, 0xff, 0x7f, 0xff, 0xff, 0xff, 0xef, 0xff, 0xf0, 
  0xff, 0xfe, 0xff, 0xff, 0xff, 0xff, 0xf7, 0xff, 0xf0, 
  0xff, 0xfe, 0xfe, 0xff, 0xff, 0xf7, 0xf7, 0xff, 0xf0, 
  0xff, 0xfe, 0xfe, 0xff, 0xff, 0xf7, 0xf7, 0xff, 0xf0, 
  0xff, 0xfe, 0xff, 0x7f, 0xff, 0xef, 0xf7, 0xff, 0xf0, 
  0xff, 0xfe, 0xff, 0x7f, 0xff, 0xef, 0xf7, 0xff, 0xf0, 
  0xff, 0xfe, 0xff, 0xbf, 0xff, 0xdf, 0xf7, 0xff, 0xf0, 
  0xff, 0xfe, 0xff, 0xbf, 0xff, 0xdf, 0xf7, 0xff, 0xf0, 
  0xff, 0xfe, 0xff, 0xbf, 0xff, 0xdf, 0xf7, 0xff, 0xf0, 
  0xff, 0xff, 0x7f, 0xdf, 0xff, 0xbf, 0xef, 0xff, 0xf0, 
  0xff, 0xff, 0x7f, 0xdf, 0xff, 0xbf, 0xef, 0xff, 0xf0, 
  0xff, 0xff, 0x7f, 0xef, 0xff, 0x7f, 0xef, 0xff, 0xf0, 
  0xff, 0xff, 0xbf, 0xef, 0xff, 0x7f, 0xdf, 0xff, 0xf0, 
  0xff, 0xff, 0xbf, 0xff, 0xff, 0xff, 0xdf, 0xff, 0xf0, 
  0xff, 0xff, 0xdf, 0xff, 0xff, 0xff, 0xbf, 0xff, 0xf0, 
  0xff, 0xff, 0xdf, 0xff, 0xff, 0xff, 0xbf, 0xff, 0xf0, 
  0xff, 0xff, 0xef, 0xff, 0xff, 0xff, 0x7f, 0xff, 0xf0, 
  0xff, 0xff, 0xf7, 0xff, 0xff, 0xfe, 0xff, 0xff, 0xf0, 
  0xff, 0xff, 0xf7, 0xff, 0xff, 0xfe, 0xff, 0xff, 0xf0, 
  0xff, 0xff, 0xf9, 0xff, 0xff, 0xf9, 0xff, 0xff, 0xf0, 
  0xff, 0xff, 0xfe, 0xff, 0xff, 0xf7, 0xff, 0xff, 0xf0, 
  0xff, 0xff, 0xff, 0x67, 0xfe, 0x6f, 0xff, 0xff, 0xf0, 
  0xff, 0xff, 0xff, 0x9f, 0xff, 0x9f, 0xff, 0xff, 0xf0, 
  0xff, 0xff, 0xfe, 0x63, 0xfc, 0x67, 0xff, 0xff, 0xf0, 
  0xff, 0xff, 0xf1, 0xfc, 0x03, 0xf8, 0xff, 0xff, 0xf0, 
  0xff, 0xff, 0xcf, 0xff, 0xff, 0xff, 0x3f, 0xff, 0xf0, 
  0xff, 0xff, 0x3f, 0xff, 0xff, 0xff, 0xcf, 0xff, 0xf0, 
  0xff, 0xff, 0xff, 0xff, 0xff, 0xff, 0xff, 0xff, 0xf0, 
  0xff, 0xff, 0xff, 0xff, 0xff, 0xff, 0xff, 0xff, 0xf0, 
  0xff, 0xff, 0xff, 0xff, 0xff, 0xff, 0xff, 0xff, 0xf0, 
  0xff, 0xff, 0xff, 0xff, 0xff, 0xff, 0xff, 0xff, 0xf0, 
  0xff, 0xff, 0xff, 0xff, 0xff, 0xff, 0xff, 0xff, 0xf0, 
  0xff, 0xff, 0xff, 0xff, 0xff, 0xff, 0xff, 0xff, 0xf0, 
  0xff, 0xff, 0xff, 0xff, 0xff, 0xff, 0xff, 0xff, 0xf0, 
  0xff, 0xff, 0xff, 0xff, 0xff, 0xff, 0xff, 0xff, 0xf0, 
  0xff, 0xff, 0xff, 0xff, 0xff, 0xff, 0xff, 0xff, 0xf0, 
  0xff, 0xff, 0xff, 0xff, 0xff, 0xff, 0xff, 0xff, 0xf0, 
  0xff, 0xff, 0xff, 0xff, 0xff, 0xff, 0xff, 0xff, 0xf0, 
  0xff, 0xff, 0xff, 0xff, 0xff, 0xff, 0xff, 0xff, 0xf0, 
  0xff, 0xff, 0xff, 0xff, 0xff, 0xff, 0xff, 0xff, 0xf0, 
  0xff, 0xff, 0xff, 0xff, 0xff, 0xff, 0xff, 0xff, 0xf0, 
};

const lv_img_dsc_t moo10 = {
  .header.cf = LV_IMG_CF_INDEXED_1BIT,
  .header.always_zero = 0,
  .header.reserved = 0,
  .header.w = 68,
  .header.h = 140,
  .data_size = 1268,
  .data = moo10_map,
};

#ifndef LV_ATTRIBUTE_IMG_MOO11
#define LV_ATTRIBUTE_IMG_MOO11
#endif

const LV_ATTRIBUTE_MEM_ALIGN LV_ATTRIBUTE_LARGE_CONST LV_ATTRIBUTE_IMG_MOO11 uint8_t moo11_map[] = {
#if CONFIG_NICE_VIEW_WIDGET_INVERTED
  0xff, 0xff, 0xff, 0xff, /*Color of index 0*/
  0x00, 0x00, 0x00, 0xff, /*Color of index 1*/
#else
  0x00, 0x00, 0x00, 0xff, /*Color of index 0*/
  0xff, 0xff, 0xff, 0xff, /*Color of index 1*/
#endif

  0xff, 0xff, 0xff, 0xff, 0xff, 0xff, 0xff, 0xff, 0xf0, 
  0xff, 0xff, 0xff, 0xff, 0xff, 0xff, 0xff, 0xff, 0xf0, 
  0xff, 0xff, 0xff, 0xff, 0xff, 0xff, 0xff, 0xff, 0xf0, 
  0xff, 0xff, 0xff, 0xff, 0xff, 0xff, 0xff, 0xff, 0xf0, 
  0xff, 0xff, 0xff, 0xff, 0xff, 0xff, 0xff, 0xff, 0xf0, 
  0xff, 0xff, 0xff, 0xff, 0xff, 0xff, 0xff, 0xff, 0xf0, 
  0xff, 0xff, 0xff, 0xff, 0xff, 0xff, 0xff, 0xff, 0xf0, 
  0xff, 0xff, 0xff, 0xff, 0xff, 0xff, 0xff, 0xff, 0xf0, 
  0xff, 0xff, 0xff, 0xff, 0xff, 0xff, 0xff, 0xff, 0xf0, 
  0xff, 0xff, 0xff, 0xff, 0xff, 0xff, 0xff, 0xff, 0xf0, 
  0xff, 0xff, 0xff, 0xff, 0xff, 0xff, 0xff, 0xff, 0xf0, 
  0xff, 0xff, 0xff, 0xc0, 0x00, 0x3f, 0xff, 0xff, 0xf0, 
  0xff, 0xff, 0xf0, 0x3f, 0xff, 0xc0, 0xff, 0xff, 0xf0, 
  0xff, 0xff, 0x0f, 0xff, 0xff, 0xff, 0x0f, 0xff, 0xf0, 
  0xff, 0xf8, 0xff, 0xff, 0xff, 0xff, 0xf1, 0xff, 0xf0, 
  0xff, 0xc7, 0xff, 0xff, 0xff, 0xff, 0xfe, 0x3f, 0xf0, 
  0xff, 0x3f, 0xff, 0xff, 0xff, 0xff, 0xff, 0xcf, 0xf0, 
  0xfe, 0xff, 0xff, 0xff, 0xff, 0xff, 0xff, 0xf7, 0xf0, 
  0xf9, 0xff, 0xff, 0xff, 0xff, 0xff, 0xff, 0xf9, 0xf0, 
  0xf7, 0x9f, 0x9e, 0x07, 0xe0, 0x7e, 0x07, 0x9e, 0xf0, 
  0xef, 0x9f, 0x9e, 0x07, 0xe0, 0x7e, 0x07, 0x9f, 0x70, 
  0xdf, 0x86, 0x19, 0xf9, 0x9f, 0x99, 0xf9, 0x9f, 0xb0, 
  0xdf, 0x86, 0x19, 0xf9, 0x9f, 0x99, 0xf9, 0x9f, 0xb0, 
  0xbf, 0x99, 0x99, 0xf9, 0x9f, 0x99, 0xf9, 0x9f, 0xd0, 
  0xbf, 0x99, 0x99, 0xf9, 0x9f, 0x99, 0xf9, 0x9f, 0xd0, 
  0xbf, 0x9f, 0x99, 0xf9, 0x9f, 0x99, 0xf9, 0x9f, 0xd0, 
  0xbf, 0x9f, 0x99, 0xf9, 0x9f, 0x99, 0xf9, 0x9f, 0xd0, 
  0xdf, 0x9f, 0x99, 0xf9, 0x9f, 0x99, 0xf9, 0xff, 0xb0, 
  0xdf, 0x9f, 0x99, 0xf9, 0x9f, 0x99, 0xf9, 0xff, 0xb0, 
  0xef, 0x9f, 0x9e, 0x07, 0xe0, 0x7e, 0x07, 0x9f, 0x70, 
  0xf7, 0x9f, 0x9e, 0x07, 0xe0, 0x7e, 0x07, 0x9e, 0xf0, 
  0xf9, 0xff, 0xff, 0xff, 0xff, 0xff, 0xff, 0xf9, 0xf0, 
  0xfe, 0xff, 0xff, 0xff, 0xff, 0xff, 0xff, 0xf7, 0xf0, 
  0xff, 0x3f, 0xff, 0xff, 0xff, 0xff, 0xff, 0xcf, 0xf0, 
  0xff, 0xc7, 0xff, 0xff, 0xff, 0xff, 0xfe, 0x3f, 0xf0, 
  0xff, 0xf8, 0xff, 0xff, 0xff, 0xff, 0xf1, 0xff, 0xf0, 
  0xff, 0xff, 0x0f, 0xff, 0xff, 0xff, 0x0f, 0xff, 0xf0, 
  0xff, 0xff, 0xf0, 0x3f, 0xff, 0xc0, 0xff, 0xff, 0xf0, 
  0xff, 0xff, 0xff, 0xc0, 0x00, 0x3f, 0xff, 0xff, 0xf0, 
  0xff, 0xff, 0xff, 0xff, 0xff, 0xff, 0xff, 0xff, 0xf0, 
  0xff, 0xff, 0xff, 0xff, 0xff, 0xff, 0xff, 0xff, 0xf0, 
  0xff, 0xff, 0xff, 0xff, 0xff, 0xff, 0xff, 0xff, 0xf0, 
  0xff, 0xff, 0xff, 0xff, 0x0f, 0xff, 0xff, 0xff, 0xf0, 
  0xff, 0xff, 0xff, 0xfe, 0xf7, 0xff, 0xff, 0xff, 0xf0, 
  0xff, 0xff, 0xff, 0xfd, 0xfb, 0xff, 0xff, 0xff, 0xf0, 
  0xff, 0xff, 0xff, 0xfb, 0xfd, 0xff, 0xff, 0xff, 0xf0, 
  0xff, 0xff, 0xff, 0xfb, 0xfd, 0xff, 0xff, 0xff, 0xf0, 
  0xff, 0xff, 0xff, 0xfb, 0xfd, 0xff, 0xff, 0xff, 0xf0, 
  0xff, 0xff, 0xff, 0xfb, 0xfd, 0xff, 0xff, 0xff, 0xf0, 
  0xff, 0xff, 0xff, 0xfd, 0xfb, 0xff, 0xff, 0xff, 0xf0, 
  0xff, 0xff, 0xff, 0xfe, 0xf7, 0xff, 0xff, 0xff, 0xf0, 
  0xff, 0xff, 0xff, 0xff, 0x0f, 0xff, 0xff, 0xff, 0xf0, 
  0xff, 0xff, 0xff, 0xff, 0xff, 0xff, 0xff, 0xff, 0xf0, 
  0xff, 0xff, 0xff, 0xff, 0xff, 0xff, 0xff, 0xff, 0xf0, 
  0xff, 0xff, 0xff, 0xff, 0xf8, 0xff, 0xff, 0xff, 0xf0, 
  0xff, 0xff, 0xff, 0xff, 0xf7, 0x7f, 0xff, 0xff, 0xf0, 
  0xff, 0xff, 0xff, 0xff, 0xf7, 0x7f, 0xff, 0xff, 0xf0, 
  0xff, 0xff, 0xff, 0xff, 0xf7, 0x7f, 0xff, 0xff, 0xf0, 
  0xff, 0xff, 0xff, 0xff, 0xf8, 0xff, 0xff, 0xff, 0xf0, 
  0xff, 0xff, 0xff, 0xff, 0xff, 0xff, 0xff, 0xff, 0xf0, 
  0xff, 0xff, 0xff, 0xff, 0xff, 0xcf, 0xff, 0xff, 0xf0, 
  0xff, 0xff, 0xff, 0xff, 0xff, 0xb7, 0xff, 0xff, 0xf0, 
  0xff, 0xff, 0xff, 0xff, 0xff, 0xb7, 0xff, 0xff, 0xf0, 
  0xff, 0xff, 0xff, 0xff, 0xff, 0xcf, 0xff, 0xff, 0xf0, 
  0xff, 0xff, 0xff, 0xff, 0xff, 0xff, 0xff, 0xff, 0xf0, 
  0xff, 0xff, 0xff, 0xff, 0xff, 0xfc, 0x0f, 0xff, 0xf0, 
  0xff, 0xff, 0xff, 0xff, 0xff, 0xf3, 0xf3, 0xff, 0xf0, 
  0xff, 0xff, 0xff, 0xff, 0xff, 0xef, 0xfd, 0xff, 0xf0, 
  0xff, 0xff, 0xff, 0xff, 0xff, 0xdf, 0xfe, 0xff, 0xf0, 
  0xff, 0xff, 0xff, 0xff, 0xff, 0xb3, 0xf3, 0x7f, 0xf0, 
  0xff, 0xff, 0xff, 0xff, 0xff, 0x65, 0xe5, 0xbf, 0xf0, 
  0xff, 0xff, 0xff, 0xff, 0xff, 0x6d, 0xed, 0xbf, 0xf0, 
  0xff, 0xff, 0xff, 0xff, 0xfe, 0xed, 0xed, 0xdf, 0xf0, 
  0xff, 0xff, 0xff, 0xff, 0xfe, 0xf3, 0xf3, 0xdf, 0xf0, 
  0xff, 0xff, 0xff, 0xff, 0xfe, 0xff, 0xff, 0xdf, 0xf0, 
  0xff, 0xff, 0xff, 0xff, 0xfe, 0xff, 0xff, 0xdf, 0xf0, 
  0xff, 0xff, 0xff, 0xff, 0xff, 0x7f, 0xff, 0xbf, 0xf0, 
  0xff, 0xff, 0xff, 0xff, 0xff, 0x7f, 0xff, 0xbf, 0xf0, 
  0xff, 0xff, 0xff, 0xff, 0xff, 0xbf, 0x07, 0x7f, 0xf0, 
  0xff, 0xff, 0xff, 0xff, 0xff, 0x9f, 0xfe, 0xff, 0xf0, 
  0xff, 0xff, 0xff, 0xff, 0xff, 0x0f, 0xfd, 0xff, 0xf0, 
  0xff, 0xff, 0xff, 0xff, 0xfe, 0x33, 0xf3, 0xff, 0xf0, 
  0xff, 0xff, 0xff, 0xff, 0xfc, 0x7c, 0x0f, 0xff, 0xf0, 
  0xff, 0xff, 0xff, 0xff, 0xf8, 0xff, 0xff, 0xff, 0xf0, 
  0xff, 0xff, 0xff, 0xfc, 0x01, 0xff, 0xff, 0xff, 0xf0, 
  0xff, 0xff, 0xff, 0xe3, 0xe0, 0x7f, 0xff, 0xff, 0xf0, 
  0xff, 0xff, 0xff, 0x9f, 0xc7, 0x9f, 0xff, 0xff, 0xf0, 
  0xff, 0xff, 0xff, 0x7f, 0x8f, 0xef, 0xff, 0xff, 0xf0, 
  0xff, 0xff, 0xfe, 0xff, 0x9f, 0xf7, 0xff, 0xff, 0xf0, 
  0xff, 0xff, 0xf9, 0xff, 0xff, 0xf9, 0xff, 0xff, 0xf0, 
  0xff, 0xff, 0xf7, 0xff, 0xff, 0xfe, 0xff, 0xff, 0xf0, 
  0xff, 0xff, 0xf7, 0xff, 0xff, 0xfe, 0xff, 0xff, 0xf0, 
  0xff, 0xff, 0xef, 0xff, 0xff, 0xff, 0x7f, 0xff, 0xf0, 
  0xff, 0xff, 0xdf, 0xff, 0xff, 0xff, 0xbf, 0xff, 0xf0, 
  0xff, 0xff, 0xdf, 0xff, 0xff, 0xff, 0xbf, 0xff, 0xf0, 
  0xff, 0xff, 0xbf, 0xff, 0xff, 0xff, 0xdf, 0xff, 0xf0, 
  0xff, 0xff, 0xbf, 0xff, 0xff, 0xff, 0xdf, 0xff, 0xf0, 
  0xff, 0xff, 0x7f, 0xff, 0xff, 0xff, 0xef, 0xff, 0xf0, 
  0xff, 0xff, 0x7f, 0xff, 0xff, 0xff, 0xef, 0xff, 0xf0, 
  0xff, 0xff, 0x7f, 0xff, 0xff, 0xff, 0xef, 0xff, 0xf0, 
  0xff, 0xfe, 0xff, 0xff, 0xff, 0xff, 0xf7, 0xff, 0xf0, 
  0xff, 0xfe, 0xfe, 0xff, 0xff, 0xf7, 0xf7, 0xff, 0xf0, 
  0xff, 0xfe, 0xfe, 0xff, 0xff, 0xf7, 0xf7, 0xff, 0xf0, 
  0xff, 0xfe, 0xff, 0x7f, 0xff, 0xef, 0xf7, 0xff, 0xf0, 
  0xff, 0xfe, 0xff, 0x7f, 0xff, 0xef, 0xf7, 0xff, 0xf0, 
  0xff, 0xfe, 0xff, 0xbf, 0xff, 0xdf, 0xf7, 0xff, 0xf0, 
  0xff, 0xfe, 0xff, 0xbf, 0xff, 0xdf, 0xf7, 0xff, 0xf0, 
  0xff, 0xfe, 0xff, 0xbf, 0xff, 0xdf, 0xf7, 0xff, 0xf0, 
  0xff, 0xff, 0x7f, 0xdf, 0xff, 0xbf, 0xef, 0xff, 0xf0, 
  0xff, 0xff, 0x7f, 0xdf, 0xff, 0xbf, 0xef, 0xff, 0xf0, 
  0xff, 0xff, 0x7f, 0xef, 0xff, 0x7f, 0xef, 0xff, 0xf0, 
  0xff, 0xff, 0xbf, 0xef, 0xff, 0x7f, 0xdf, 0xff, 0xf0, 
  0xff, 0xff, 0xbf, 0xff, 0xff, 0xff, 0xdf, 0xff, 0xf0, 
  0xff, 0xff, 0xdf, 0xff, 0xff, 0xff, 0xbf, 0xff, 0xf0, 
  0xff, 0xff, 0xdf, 0xff, 0xff, 0xff, 0xbf, 0xff, 0xf0, 
  0xff, 0xff, 0xef, 0xff, 0xff, 0xff, 0x7f, 0xff, 0xf0, 
  0xff, 0xff, 0xf7, 0xff, 0xff, 0xfe, 0xff, 0xff, 0xf0, 
  0xff, 0xff, 0xf7, 0xff, 0xff, 0xfe, 0xff, 0xff, 0xf0, 
  0xff, 0xff, 0xf9, 0xff, 0xff, 0xf9, 0xff, 0xff, 0xf0, 
  0xff, 0xff, 0xfe, 0xff, 0xff, 0xf7, 0xff, 0xff, 0xf0, 
  0xff, 0xff, 0xff, 0x67, 0xfe, 0x6f, 0xff, 0xff, 0xf0, 
  0xff, 0xff, 0xff, 0x9f, 0xff, 0x9f, 0xff, 0xff, 0xf0, 
  0xff, 0xff, 0xfe, 0x63, 0xfc, 0x67, 0xff, 0xff, 0xf0, 
  0xff, 0xff, 0xf1, 0xfc, 0x03, 0xf8, 0xff, 0xff, 0xf0, 
  0xff, 0xff, 0xcf, 0xff, 0xff, 0xff, 0x3f, 0xff, 0xf0, 
  0xff, 0xff, 0x3f, 0xff, 0xff, 0xff, 0xcf, 0xff, 0xf0, 
  0xff, 0xff, 0xff, 0xff, 0xff, 0xff, 0xff, 0xff, 0xf0, 
  0xff, 0xff, 0xff, 0xff, 0xff, 0xff, 0xff, 0xff, 0xf0, 
  0xff, 0xff, 0xff, 0xff, 0xff, 0xff, 0xff, 0xff, 0xf0, 
  0xff, 0xff, 0xff, 0xff, 0xff, 0xff, 0xff, 0xff, 0xf0, 
  0xff, 0xff, 0xff, 0xff, 0xff, 0xff, 0xff, 0xff, 0xf0, 
  0xff, 0xff, 0xff, 0xff, 0xff, 0xff, 0xff, 0xff, 0xf0, 
  0xff, 0xff, 0xff, 0xff, 0xff, 0xff, 0xff, 0xff, 0xf0, 
  0xff, 0xff, 0xff, 0xff, 0xff, 0xff, 0xff, 0xff, 0xf0, 
  0xff, 0xff, 0xff, 0xff, 0xff, 0xff, 0xff, 0xff, 0xf0, 
  0xff, 0xff, 0xff, 0xff, 0xff, 0xff, 0xff, 0xff, 0xf0, 
  0xff, 0xff, 0xff, 0xff, 0xff, 0xff, 0xff, 0xff, 0xf0, 
  0xff, 0xff, 0xff, 0xff, 0xff, 0xff, 0xff, 0xff, 0xf0, 
  0xff, 0xff, 0xff, 0xff, 0xff, 0xff, 0xff, 0xff, 0xf0, 
  0xff, 0xff, 0xff, 0xff, 0xff, 0xff, 0xff, 0xff, 0xf0, 
};

const lv_img_dsc_t moo11 = {
  .header.cf = LV_IMG_CF_INDEXED_1BIT,
  .header.always_zero = 0,
  .header.reserved = 0,
  .header.w = 68,
  .header.h = 140,
  .data_size = 1268,
  .data = moo11_map,
};

#ifndef LV_ATTRIBUTE_IMG_MOO12
#define LV_ATTRIBUTE_IMG_MOO12
#endif

const LV_ATTRIBUTE_MEM_ALIGN LV_ATTRIBUTE_LARGE_CONST LV_ATTRIBUTE_IMG_MOO12 uint8_t moo12_map[] = {
#if CONFIG_NICE_VIEW_WIDGET_INVERTED
  0xff, 0xff, 0xff, 0xff, /*Color of index 0*/
  0x00, 0x00, 0x00, 0xff, /*Color of index 1*/
#else
  0x00, 0x00, 0x00, 0xff, /*Color of index 0*/
  0xff, 0xff, 0xff, 0xff, /*Color of index 1*/
#endif

  0xff, 0xff, 0xff, 0xff, 0xff, 0xff, 0xff, 0xff, 0xf0, 
  0xff, 0xff, 0xff, 0xff, 0xff, 0xff, 0xff, 0xff, 0xf0, 
  0xff, 0xff, 0xff, 0xff, 0xff, 0xff, 0xff, 0xff, 0xf0, 
  0xff, 0xff, 0xff, 0xff, 0xff, 0xff, 0xff, 0xff, 0xf0, 
  0xff, 0xff, 0xff, 0xff, 0xff, 0xff, 0xff, 0xff, 0xf0, 
  0xff, 0xff, 0xff, 0xff, 0xff, 0xff, 0xff, 0xff, 0xf0, 
  0xff, 0xff, 0xff, 0xff, 0xff, 0xff, 0xff, 0xff, 0xf0, 
  0xff, 0xff, 0xff, 0xff, 0xff, 0xff, 0xff, 0xff, 0xf0, 
  0xff, 0xff, 0xff, 0xff, 0xff, 0xff, 0xff, 0xff, 0xf0, 
  0xff, 0xff, 0xff, 0xff, 0xff, 0xff, 0xff, 0xff, 0xf0, 
  0xff, 0xff, 0xff, 0xff, 0xff, 0xff, 0xff, 0xff, 0xf0, 
  0xff, 0xff, 0xff, 0xc0, 0x00, 0x3f, 0xff, 0xff, 0xf0, 
  0xff, 0xff, 0xf0, 0x3f, 0xff, 0xc0, 0xff, 0xff, 0xf0, 
  0xff, 0xff, 0x0f, 0xff, 0xff, 0xff, 0x0f, 0xff, 0xf0, 
  0xff, 0xf8, 0xff, 0xff, 0xff, 0xff, 0xf1, 0xff, 0xf0, 
  0xff, 0xc7, 0xff, 0xff, 0xff, 0xff, 0xfe, 0x3f, 0xf0, 
  0xff, 0x3f, 0xff, 0xff, 0xff, 0xff, 0xff, 0xcf, 0xf0, 
  0xfe, 0xff, 0xff, 0xff, 0xff, 0xff, 0xff, 0xf7, 0xf0, 
  0xf9, 0xff, 0xff, 0xff, 0xff, 0xff, 0xff, 0xf9, 0xf0, 
  0xf7, 0x9f, 0x9e, 0x07, 0xe0, 0x7e, 0x07, 0x9e, 0xf0, 
  0xef, 0x9f, 0x9e, 0x07, 0xe0, 0x7e, 0x07, 0x9f, 0x70, 
  0xdf, 0x86, 0x19, 0xf9, 0x9f, 0x99, 0xf9, 0x9f, 0xb0, 
  0xdf, 0x86, 0x19, 0xf9, 0x9f, 0x99, 0xf9, 0x9f, 0xb0, 
  0xbf, 0x99, 0x99, 0xf9, 0x9f, 0x99, 0xf9, 0x9f, 0xd0, 
  0xbf, 0x99, 0x99, 0xf9, 0x9f, 0x99, 0xf9, 0x9f, 0xd0, 
  0xbf, 0x9f, 0x99, 0xf9, 0x9f, 0x99, 0xf9, 0x9f, 0xd0, 
  0xbf, 0x9f, 0x99, 0xf9, 0x9f, 0x99, 0xf9, 0x9f, 0xd0, 
  0xdf, 0x9f, 0x99, 0xf9, 0x9f, 0x99, 0xf9, 0xff, 0xb0, 
  0xdf, 0x9f, 0x99, 0xf9, 0x9f, 0x99, 0xf9, 0xff, 0xb0, 
  0xef, 0x9f, 0x9e, 0x07, 0xe0, 0x7e, 0x07, 0x9f, 0x70, 
  0xf7, 0x9f, 0x9e, 0x07, 0xe0, 0x7e, 0x07, 0x9e, 0xf0, 
  0xf9, 0xff, 0xff, 0xff, 0xff, 0xff, 0xff, 0xf9, 0xf0, 
  0xfe, 0xff, 0xff, 0xff, 0xff, 0xff, 0xff, 0xf7, 0xf0, 
  0xff, 0x3f, 0xff, 0xff, 0xff, 0xff, 0xff, 0xcf, 0xf0, 
  0xff, 0xc7, 0xff, 0xff, 0xff, 0xff, 0xfe, 0x3f, 0xf0, 
  0xff, 0xf8, 0xff, 0xff, 0xff, 0xff, 0xf1, 0xff, 0xf0, 
  0xff, 0xff, 0x0f, 0xff, 0xff, 0xff, 0x0f, 0xff, 0xf0, 
  0xff, 0xff, 0xf0, 0x3f, 0xff, 0xc0, 0xff, 0xff, 0xf0, 
  0xff, 0xff, 0xff, 0xc0, 0x00, 0x3f, 0xff, 0xff, 0xf0, 
  0xff, 0xff, 0xff, 0xff, 0xff, 0xff, 0xff, 0xff, 0xf0, 
  0xff, 0xff, 0xff, 0xff, 0xff, 0xff, 0xff, 0xff, 0xf0, 
  0xff, 0xff, 0xff, 0xff, 0xff, 0xff, 0xff, 0xff, 0xf0, 
  0xff, 0xff, 0xff, 0xff, 0x0f, 0xff, 0xff, 0xff, 0xf0, 
  0xff, 0xff, 0xff, 0xfe, 0xf7, 0xff, 0xff, 0xff, 0xf0, 
  0xff, 0xff, 0xff, 0xfd, 0xfb, 0xff, 0xff, 0xff, 0xf0, 
  0xff, 0xff, 0xff, 0xfb, 0xfd, 0xff, 0xff, 0xff, 0xf0, 
  0xff, 0xff, 0xff, 0xfb, 0xfd, 0xff, 0xff, 0xff, 0xf0, 
  0xff, 0xff, 0xff, 0xfb, 0xfd, 0xff, 0xff, 0xff, 0xf0, 
  0xff, 0xff, 0xff, 0xfb, 0xfd, 0xff, 0xff, 0xff, 0xf0, 
  0xff, 0xff, 0xff, 0xfd, 0xfb, 0xff, 0xff, 0xff, 0xf0, 
  0xff, 0xff, 0xff, 0xfe, 0xf7, 0xff, 0xff, 0xff, 0xf0, 
  0xff, 0xff, 0xff, 0xff, 0x0f, 0xff, 0xff, 0xff, 0xf0, 
  0xff, 0xff, 0xff, 0xff, 0xff, 0xff, 0xff, 0xff, 0xf0, 
  0xff, 0xff, 0xff, 0xff, 0xff, 0xff, 0xff, 0xff, 0xf0, 
  0xff, 0xff, 0xff, 0xff, 0xf8, 0xff, 0xff, 0xff, 0xf0, 
  0xff, 0xff, 0xff, 0xff, 0xf7, 0x7f, 0xff, 0xff, 0xf0, 
  0xff, 0xff, 0xff, 0xff, 0xf7, 0x7f, 0xff, 0xff, 0xf0, 
  0xff, 0xff, 0xff, 0xff, 0xf7, 0x7f, 0xff, 0xff, 0xf0, 
  0xff, 0xff, 0xff, 0xff, 0xf8, 0xff, 0xff, 0xff, 0xf0, 
  0xff, 0xff, 0xff, 0xff, 0xff, 0xff, 0xff, 0xff, 0xf0, 
  0xff, 0xff, 0xff, 0xff, 0xff, 0xcf, 0xff, 0xff, 0xf0, 
  0xff, 0xff, 0xff, 0xff, 0xff, 0xb7, 0xff, 0xff, 0xf0, 
  0xff, 0xff, 0xff, 0xff, 0xff, 0xb7, 0xff, 0xff, 0xf0, 
  0xff, 0xff, 0xff, 0xff, 0xff, 0xcf, 0xff, 0xff, 0xf0, 
  0xff, 0xff, 0xff, 0xff, 0xff, 0xff, 0xff, 0xff, 0xf0, 
  0xff, 0xff, 0xff, 0xff, 0xff, 0xfc, 0x0f, 0xff, 0xf0, 
  0xff, 0xff, 0xff, 0xff, 0xff, 0xf3, 0xf3, 0xff, 0xf0, 
  0xff, 0xff, 0xff, 0xff, 0xff, 0xef, 0xfd, 0xff, 0xf0, 
  0xff, 0xff, 0xff, 0xff, 0xff, 0xdf, 0xfe, 0xff, 0xf0, 
  0xff, 0xff, 0xff, 0xff, 0xff, 0xb3, 0xf3, 0x7f, 0xf0, 
  0xff, 0xff, 0xff, 0xff, 0xff, 0x6d, 0xed, 0xbf, 0xf0, 
  0xff, 0xff, 0xff, 0xff, 0xff, 0x6d, 0xed, 0xbf, 0xf0, 
  0xff, 0xff, 0xff, 0xff, 0xfe, 0xe5, 0xe5, 0xdf, 0xf0, 
  0xff, 0xff, 0xff, 0xff, 0xfe, 0xf3, 0xf3, 0xdf, 0xf0, 
  0xff, 0xff, 0xff, 0xff, 0xfe, 0xff, 0xff, 0xdf, 0xf0, 
  0xff, 0xff, 0xff, 0xff, 0xfe, 0xff, 0xff, 0xdf, 0xf0, 
  0xff, 0xff, 0xff, 0xff, 0xff, 0x7f, 0xff, 0xbf, 0xf0, 
  0xff, 0xff, 0xff, 0xff, 0xff, 0x7f, 0xff, 0xbf, 0xf0, 
  0xff, 0xff, 0xff, 0xff, 0xff, 0xbf, 0x07, 0x7f, 0xf0, 
  0xff, 0xff, 0xff, 0xff, 0xff, 0x9f, 0xfe, 0xff, 0xf0, 
  0xff, 0xff, 0xff, 0xff, 0xff, 0x0f, 0xfd, 0xff, 0xf0, 
  0xff, 0xff, 0xff, 0xff, 0xfe, 0x33, 0xf3, 0xff, 0xf0, 
  0xff, 0xff, 0xff, 0xff, 0xfc, 0x7c, 0x0f, 0xff, 0xf0, 
  0xff, 0xff, 0xff, 0xff, 0xf8, 0xff, 0xff, 0xff, 0xf0, 
  0xff, 0xff, 0xff, 0xfc, 0x01, 0xff, 0xff, 0xff, 0xf0, 
  0xff, 0xff, 0xff, 0xe3, 0xe0, 0x7f, 0xff, 0xff, 0xf0, 
  0xff, 0xff, 0xff, 0x9f, 0xc7, 0x9f, 0xff, 0xff, 0xf0, 
  0xff, 0xff, 0xff, 0x7f, 0x8f, 0xef, 0xff, 0xff, 0xf0, 
  0xff, 0xff, 0xfe, 0xff, 0x9f, 0xf7, 0xff, 0xff, 0xf0, 
  0xff, 0xff, 0xf9, 0xff, 0xff, 0xf9, 0xff, 0xff, 0xf0, 
  0xff, 0xff, 0xf7, 0xff, 0xff, 0xfe, 0xff, 0xff, 0xf0, 
  0xff, 0xff, 0xf7, 0xff, 0xff, 0xfe, 0xff, 0xff, 0xf0, 
  0xff, 0xff, 0xef, 0xff, 0xff, 0xff, 0x7f, 0xff, 0xf0, 
  0xff, 0xff, 0xdf, 0xff, 0xff, 0xff, 0xbf, 0xff, 0xf0, 
  0xff, 0xff, 0xdf, 0xff, 0xff, 0xff, 0xbf, 0xff, 0xf0, 
  0xff, 0xff, 0xbf, 0xff, 0xff, 0xff, 0xdf, 0xff, 0xf0, 
  0xff, 0xff, 0xbf, 0xff, 0xff, 0xff, 0xdf, 0xff, 0xf0, 
  0xff, 0xff, 0x7f, 0xff, 0xff, 0xff, 0xef, 0xff, 0xf0, 
  0xff, 0xff, 0x7f, 0xff, 0xff, 0xff, 0xef, 0xff, 0xf0, 
  0xff, 0xff, 0x7f, 0xff, 0xff, 0xff, 0xef, 0xff, 0xf0, 
  0xff, 0xfe, 0xff, 0xff, 0xff, 0xff, 0xf7, 0xff, 0xf0, 
  0xff, 0xfe, 0xfe, 0xff, 0xff, 0xf7, 0xf7, 0xff, 0xf0, 
  0xff, 0xfe, 0xfe, 0xff, 0xff, 0xf7, 0xf7, 0xff, 0xf0, 
  0xff, 0xfe, 0xff, 0x7f, 0xff, 0xef, 0xf7, 0xff, 0xf0, 
  0xff, 0xfe, 0xff, 0x7f, 0xff, 0xef, 0xf7, 0xff, 0xf0, 
  0xff, 0xfe, 0xff, 0xbf, 0xff, 0xdf, 0xf7, 0xff, 0xf0, 
  0xff, 0xfe, 0xff, 0xbf, 0xff, 0xdf, 0xf7, 0xff, 0xf0, 
  0xff, 0xfe, 0xff, 0xbf, 0xff, 0xdf, 0xf7, 0xff, 0xf0, 
  0xff, 0xff, 0x7f, 0xdf, 0xff, 0xbf, 0xef, 0xff, 0xf0, 
  0xff, 0xff, 0x7f, 0xdf, 0xff, 0xbf, 0xef, 0xff, 0xf0, 
  0xff, 0xff, 0x7f, 0xef, 0xff, 0x7f, 0xef, 0xff, 0xf0, 
  0xff, 0xff, 0xbf, 0xef, 0xff, 0x7f, 0xdf, 0xff, 0xf0, 
  0xff, 0xff, 0xbf, 0xff, 0xff, 0xff, 0xdf, 0xff, 0xf0, 
  0xff, 0xff, 0xdf, 0xff, 0xff, 0xff, 0xbf, 0xff, 0xf0, 
  0xff, 0xff, 0xdf, 0xff, 0xff, 0xff, 0xbf, 0xff, 0xf0, 
  0xff, 0xff, 0xef, 0xff, 0xff, 0xff, 0x7f, 0xff, 0xf0, 
  0xff, 0xff, 0xf7, 0xff, 0xff, 0xfe, 0xff, 0xff, 0xf0, 
  0xff, 0xff, 0xf7, 0xff, 0xff, 0xfe, 0xff, 0xff, 0xf0, 
  0xff, 0xff, 0xf9, 0xff, 0xff, 0xf9, 0xff, 0xff, 0xf0, 
  0xff, 0xff, 0xfe, 0xff, 0xff, 0xf7, 0xff, 0xff, 0xf0, 
  0xff, 0xff, 0xff, 0x67, 0xfe, 0x6f, 0xff, 0xff, 0xf0, 
  0xff, 0xff, 0xff, 0x9f, 0xff, 0x9f, 0xff, 0xff, 0xf0, 
  0xff, 0xff, 0xfe, 0x63, 0xfc, 0x67, 0xff, 0xff, 0xf0, 
  0xff, 0xff, 0xf1, 0xfc, 0x03, 0xf8, 0xff, 0xff, 0xf0, 
  0xff, 0xff, 0xcf, 0xff, 0xff, 0xff, 0x3f, 0xff, 0xf0, 
  0xff, 0xff, 0x3f, 0xff, 0xff, 0xff, 0xcf, 0xff, 0xf0, 
  0xff, 0xff, 0xff, 0xff, 0xff, 0xff, 0xff, 0xff, 0xf0, 
  0xff, 0xff, 0xff, 0xff, 0xff, 0xff, 0xff, 0xff, 0xf0, 
  0xff, 0xff, 0xff, 0xff, 0xff, 0xff, 0xff, 0xff, 0xf0, 
  0xff, 0xff, 0xff, 0xff, 0xff, 0xff, 0xff, 0xff, 0xf0, 
  0xff, 0xff, 0xff, 0xff, 0xff, 0xff, 0xff, 0xff, 0xf0, 
  0xff, 0xff, 0xff, 0xff, 0xff, 0xff, 0xff, 0xff, 0xf0, 
  0xff, 0xff, 0xff, 0xff, 0xff, 0xff, 0xff, 0xff, 0xf0, 
  0xff, 0xff, 0xff, 0xff, 0xff, 0xff, 0xff, 0xff, 0xf0, 
  0xff, 0xff, 0xff, 0xff, 0xff, 0xff, 0xff, 0xff, 0xf0, 
  0xff, 0xff, 0xff, 0xff, 0xff, 0xff, 0xff, 0xff, 0xf0, 
  0xff, 0xff, 0xff, 0xff, 0xff, 0xff, 0xff, 0xff, 0xf0, 
  0xff, 0xff, 0xff, 0xff, 0xff, 0xff, 0xff, 0xff, 0xf0, 
  0xff, 0xff, 0xff, 0xff, 0xff, 0xff, 0xff, 0xff, 0xf0, 
  0xff, 0xff, 0xff, 0xff, 0xff, 0xff, 0xff, 0xff, 0xf0, 
};

const lv_img_dsc_t moo12 = {
  .header.cf = LV_IMG_CF_INDEXED_1BIT,
  .header.always_zero = 0,
  .header.reserved = 0,
  .header.w = 68,
  .header.h = 140,
  .data_size = 1268,
  .data = moo12_map,
};
